17.0,R32,P
30.0,R32,P
10.0,R32,P
21.0,R32,P
331.0,R32,P
15.0,R32,P
9.0,R32,P
34.0,R32,P
46.0,R32,P
113.0,R32,P
51.0,R32,P
106.0,R32,P
48.0,R32,P
16.0,R32,P
37.0,R16,P
31.0,R16,P
44.0,R16,P
41.0,R16,P
8.0,R16,P
124.0,R16,P
6.0,R16,P
183.0,R16,P
103.0,QF,P
38.0,QF,P
5.0,QF,P
32.0,QF,P
1.0,SF,P
116.0,SF,P
36.0,F,P
3.0,W,P
99.0,R32,P
30.0,R32,P
12.0,R32,P
36.0,R32,P
43.0,R32,P
17.0,R32,P
9.0,R32,P
8.0,R32,P
21.0,R32,P
116.0,R32,P
120.0,R32,P
31.0,R32,P
18.0,R32,P
20.0,R32,P
112.0,R16,P
22.0,R16,P
81.0,R16,P
42.0,R16,P
19.0,R16,P
14.0,R16,P
10.0,R16,P
90.0,R16,P
16.0,QF,P
135.0,QF,P
7.0,QF,P
85.0,QF,P
6.0,SF,P
5.0,SF,P
15.0,F,P
4.0,W,P
82.0,R32,P
80.0,R32,P
99.0,R32,P
52.0,R32,P
54.0,R32,P
86.0,R32,P
57.0,R32,P
48.0,R32,P
58.0,R32,P
69.0,R32,P
16.0,R32,P
59.0,R32,P
41.0,R32,P
163.0,R32,P
10.0,R16,P
24.0,R16,P
125.0,R16,P
64.0,R16,P
234.0,R16,P
75.0,R16,P
21.0,R16,P
105.0,R16,P
51.0,QF,P
17.0,QF,P
29.0,QF,P
15.0,QF,P
45.0,SF,P
68.0,SF,P
34.0,F,P
40.0,W,P
68.0,R64,P
93.0,R64,P
38.0,R64,P
53.0,R64,P
254.0,R64,P
28.0,R64,P
54.0,R64,P
56.0,R64,P
39.0,R64,P
97.0,R64,P
22.0,R64,P
29.0,R64,P
82.0,R64,P
128.0,R64,P
46.0,R64,P
41.0,R64,P
36.0,R64,P
536.0,R64,P
599.0,R64,P
25.0,R64,P
137.0,R64,P
112.0,R64,P
155.0,R64,P
179.0,R64,P
57.0,R32,P
67.0,R32,P
37.0,R32,P
83.0,R32,P
59.0,R32,P
33.0,R32,P
16.0,R32,P
35.0,R32,P
9.0,R32,P
24.0,R32,P
94.0,R32,P
31.0,R32,P
62.0,R32,P
19.0,R32,P
104.0,R32,P
10.0,R32,P
13.0,R16,P
8.0,R16,P
17.0,R16,P
30.0,R16,P
12.0,R16,P
15.0,R16,P
11.0,R16,P
14.0,R16,P
42.0,QF,P
6.0,QF,P
20.0,QF,P
7.0,QF,P
4.0,SF,P
5.0,SF,P
27.0,F,P
1.0,W,P
164.0,R32,P
58.0,R32,P
61.0,R32,P
27.0,R32,P
37.0,R32,P
49.0,R32,P
48.0,R32,P
36.0,R32,P
74.0,R32,P
19.0,R32,P
28.0,R32,P
41.0,R32,P
63.0,R16,P
24.0,R16,P
14.0,R16,P
35.0,R16,P
16.0,R16,P
42.0,R16,P
22.0,R16,P
100.0,R16,P
31.0,QF,P
18.0,QF,P
10.0,QF,P
8.0,QF,P
65.0,SF,P
87.0,SF,P
7.0,F,P
45.0,W,P
4.0,R32,P
137.0,R32,P
33.0,R32,P
13.0,R32,P
22.0,R32,P
87.0,R32,P
187.0,R32,P
29.0,R32,P
40.0,R32,P
103.0,R32,P
63.0,R32,P
49.0,R32,P
12.0,R32,P
27.0,R32,P
158.0,R32,P
30.0,R32,P
44.0,R16,P
14.0,R16,P
7.0,R16,P
37.0,R16,P
185.0,R16,P
8.0,R16,P
57.0,R16,P
15.0,R16,P
28.0,QF,P
25.0,QF,P
10.0,QF,P
6.0,QF,P
9.0,SF,P
51.0,SF,P
41.0,F,P
36.0,W,P
28.0,R32,P
131.0,R32,P
150.0,R32,P
24.0,R32,P
12.0,R32,P
10.0,R32,P
9.0,R32,P
147.0,R32,P
35.0,R32,P
60.0,R32,P
22.0,R32,P
29.0,R32,P
25.0,R16,P
11.0,R16,P
19.0,R16,P
23.0,R16,P
18.0,R16,P
7.0,R16,P
30.0,R16,P
103.0,R16,P
17.0,QF,P
37.0,QF,P
47.0,QF,P
8.0,QF,P
6.0,SF,P
104.0,SF,P
5.0,F,P
2.0,W,P
24.0,R64,P
20.0,R64,P
43.0,R64,P
11.0,R64,P
19.0,R64,P
21.0,R64,P
37.0,R64,P
30.0,R64,P
33.0,R64,P
9.0,R64,P
51.0,R64,P
53.0,R64,P
85.0,R64,P
46.0,R64,P
41.0,R64,P
13.0,R64,P
26.0,R64,P
86.0,R64,P
100.0,R64,P
68.0,R64,P
58.0,R64,P
104.0,R64,P
36.0,R64,P
97.0,R64,P
39.0,R32,P
93.0,R32,P
44.0,R32,P
42.0,R32,P
4.0,R32,P
141.0,R32,P
48.0,R32,P
50.0,R32,P
34.0,R32,P
38.0,R32,P
35.0,R32,P
25.0,R32,P
54.0,R32,P
31.0,R32,P
59.0,R32,P
83.0,R32,P
16.0,R16,P
49.0,R16,P
15.0,R16,P
5.0,R16,P
8.0,R16,P
45.0,R16,P
12.0,R16,P
17.0,R16,P
22.0,QF,P
18.0,QF,P
10.0,QF,P
2.0,QF,P
64.0,SF,P
6.0,SF,P
3.0,F,P
1.0,W,P
34.0,R64,P
24.0,R64,P
29.0,R64,P
56.0,R64,P
44.0,R64,P
38.0,R64,P
66.0,R64,P
55.0,R64,P
48.0,R64,P
14.0,R64,P
196.0,R64,P
140.0,R64,P
81.0,R64,P
145.0,R64,P
28.0,R64,P
114.0,R64,P
64.0,R64,P
31.0,R64,P
33.0,R64,P
85.0,R64,P
58.0,R64,P
40.0,R64,P
49.0,R64,P
47.0,R64,P
2.0,R32,P
50.0,R32,P
13.0,R32,P
62.0,R32,P
6.0,R32,P
95.0,R32,P
37.0,R32,P
326.0,R32,P
12.0,R32,P
60.0,R32,P
20.0,R32,P
32.0,R32,P
73.0,R32,P
39.0,R32,P
209.0,R32,P
376.0,R32,P
18.0,R16,P
10.0,R16,P
21.0,R16,P
43.0,R16,P
17.0,R16,P
36.0,R16,P
16.0,R16,P
23.0,R16,P
46.0,QF,P
27.0,QF,P
35.0,QF,P
4.0,QF,P
63.0,SF,P
8.0,SF,P
9.0,F,P
11.0,W,P
43.0,R64,P
134.0,R64,P
95.0,R64,P
14.0,R64,P
45.0,R64,P
163.0,R64,P
46.0,R64,P
66.0,R64,P
26.0,R64,P
204.0,R64,P
260.0,R64,P
97.0,R64,P
25.0,R64,P
205.0,R64,P
54.0,R64,P
57.0,R64,P
21.0,R64,P
434.0,R64,P
27.0,R64,P
184.0,R64,P
69.0,R64,P
23.0,R64,P
217.0,R64,P
58.0,R64,P
62.0,R32,P
18.0,R32,P
211.0,R32,P
80.0,R32,P
131.0,R32,P
49.0,R32,P
31.0,R32,P
6.0,R32,P
60.0,R32,P
11.0,R32,P
17.0,R32,P
172.0,R32,P
20.0,R32,P
29.0,R32,P
16.0,R32,P
160.0,R32,P
44.0,R16,P
75.0,R16,P
13.0,R16,P
32.0,R16,P
51.0,R16,P
24.0,R16,P
12.0,R16,P
37.0,R16,P
7.0,QF,P
10.0,QF,P
9.0,QF,P
8.0,QF,P
4.0,SF,P
3.0,SF,P
2.0,F,P
1.0,W,P
74.0,R32,P
216.0,R32,P
21.0,R32,P
136.0,R32,P
56.0,R32,P
121.0,R32,P
29.0,R32,P
41.0,R32,P
169.0,R32,P
68.0,R32,P
72.0,R32,P
77.0,R32,P
16.0,R16,P
92.0,R16,P
37.0,R16,P
17.0,R16,P
26.0,R16,P
34.0,R16,P
109.0,R16,P
25.0,R16,P
33.0,QF,P
254.0,QF,P
14.0,QF,P
11.0,QF,P
30.0,SF,P
23.0,SF,P
19.0,F,P
18.0,W,P
15.0,R32,P
16.0,R32,P
20.0,R32,P
48.0,R32,P
23.0,R32,P
19.0,R32,P
67.0,R32,P
29.0,R32,P
43.0,R32,P
18.0,R32,P
37.0,R32,P
22.0,R32,P
28.0,R16,P
30.0,R16,P
6.0,R16,P
25.0,R16,P
13.0,R16,P
101.0,R16,P
44.0,R16,P
1.0,R16,P
12.0,QF,P
9.0,QF,P
4.0,QF,P
11.0,QF,P
17.0,SF,P
10.0,SF,P
7.0,F,P
8.0,W,P
97.0,R64,P
49.0,R64,P
62.0,R64,P
103.0,R64,P
84.0,R64,P
52.0,R64,P
111.0,R64,P
120.0,R64,P
31.0,R64,P
55.0,R64,P
101.0,R64,P
67.0,R64,P
76.0,R64,P
69.0,R64,P
86.0,R64,P
108.0,R64,P
145.0,R64,P
75.0,R64,P
119.0,R64,P
66.0,R64,P
92.0,R64,P
37.0,R64,P
nan,R64,P
47.0,R64,P
85.0,R32,P
41.0,R32,P
59.0,R32,P
100.0,R32,P
16.0,R32,P
187.0,R32,P
81.0,R32,P
104.0,R32,P
29.0,R32,P
138.0,R32,P
42.0,R32,P
65.0,R32,P
20.0,R32,P
60.0,R32,P
136.0,R32,P
68.0,R32,P
99.0,R16,P
25.0,R16,P
113.0,R16,P
27.0,R16,P
148.0,R16,P
9.0,R16,P
30.0,R16,P
139.0,R16,P
19.0,QF,P
77.0,QF,P
114.0,QF,P
10.0,QF,P
24.0,SF,P
63.0,SF,P
18.0,F,P
1.0,W,P
76.0,R32,P
150.0,R32,P
111.0,R32,P
67.0,R32,P
79.0,R32,P
39.0,R32,P
94.0,R32,P
56.0,R32,P
131.0,R32,P
51.0,R32,P
47.0,R32,P
43.0,R32,P
59.0,R16,P
114.0,R16,P
191.0,R16,P
44.0,R16,P
46.0,R16,P
50.0,R16,P
245.0,R16,P
13.0,R16,P
40.0,QF,P
154.0,QF,P
42.0,QF,P
83.0,QF,P
29.0,SF,P
32.0,SF,P
4.0,F,P
25.0,W,P
53.0,R64,P
39.0,R64,P
112.0,R64,P
29.0,R64,P
30.0,R64,P
42.0,R64,P
87.0,R64,P
91.0,R64,P
13.0,R64,P
59.0,R64,P
85.0,R64,P
34.0,R64,P
19.0,R64,P
47.0,R64,P
52.0,R64,P
18.0,R64,P
46.0,R64,P
97.0,R64,P
20.0,R64,P
58.0,R64,P
35.0,R64,P
14.0,R64,P
45.0,R64,P
38.0,R64,P
62.0,R32,P
16.0,R32,P
26.0,R32,P
7.0,R32,P
40.0,R32,P
37.0,R32,P
584.0,R32,P
76.0,R32,P
102.0,R32,P
50.0,R32,P
24.0,R32,P
3.0,R32,P
77.0,R32,P
43.0,R32,P
28.0,R32,P
140.0,R32,P
32.0,R16,P
11.0,R16,P
23.0,R16,P
8.0,R16,P
6.0,R16,P
17.0,R16,P
9.0,R16,P
33.0,R16,P
25.0,QF,P
4.0,QF,P
12.0,QF,P
10.0,QF,P
5.0,SF,P
15.0,SF,P
1.0,F,P
2.0,W,P
85.0,R32,P
78.0,R32,P
80.0,R32,P
51.0,R32,P
299.0,R32,P
21.0,R32,P
217.0,R32,P
29.0,R32,P
52.0,R32,P
37.0,R32,P
42.0,R32,P
104.0,R32,P
55.0,R16,P
16.0,R16,P
56.0,R16,P
199.0,R16,P
19.0,R16,P
32.0,R16,P
137.0,R16,P
45.0,R16,P
39.0,QF,P
11.0,QF,P
7.0,QF,P
4.0,QF,P
17.0,SF,P
131.0,SF,P
3.0,F,P
13.0,W,P
257.0,R32,P
46.0,R32,P
12.0,R32,P
36.0,R32,P
44.0,R32,P
51.0,R32,P
107.0,R32,P
37.0,R32,P
21.0,R32,P
47.0,R32,P
49.0,R32,P
19.0,R32,P
41.0,R32,P
52.0,R32,P
5.0,R16,P
20.0,R16,P
59.0,R16,P
48.0,R16,P
18.0,R16,P
95.0,R16,P
50.0,R16,P
10.0,R16,P
26.0,QF,P
17.0,QF,P
34.0,QF,P
24.0,QF,P
8.0,SF,P
33.0,SF,P
9.0,F,P
23.0,W,P
48.0,R32,P
175.0,R32,P
121.0,R32,P
74.0,R32,P
33.0,R32,P
135.0,R32,P
86.0,R32,P
55.0,R32,P
170.0,R32,P
54.0,R32,P
39.0,R32,P
37.0,R32,P
38.0,R32,P
67.0,R32,P
43.0,R16,P
75.0,R16,P
190.0,R16,P
17.0,R16,P
26.0,R16,P
45.0,R16,P
15.0,R16,P
142.0,R16,P
23.0,QF,P
30.0,QF,P
9.0,QF,P
50.0,QF,P
4.0,SF,P
8.0,SF,P
2.0,F,P
1.0,W,P
31.0,R32,P
32.0,R32,P
11.0,R32,P
8.0,R32,P
62.0,R32,P
165.0,R32,P
21.0,R32,P
20.0,R32,P
22.0,R32,P
265.0,R32,P
12.0,R32,P
73.0,R32,P
41.0,R32,P
26.0,R32,P
5.0,R16,P
75.0,R16,P
23.0,R16,P
25.0,R16,P
52.0,R16,P
67.0,R16,P
10.0,R16,P
65.0,R16,P
48.0,QF,P
16.0,QF,P
7.0,QF,P
27.0,QF,P
36.0,SF,P
6.0,SF,P
9.0,F,P
107.0,W,P
67.0,R64,P
45.0,R64,P
36.0,R64,P
34.0,R64,P
79.0,R64,P
56.0,R64,P
296.0,R64,P
65.0,R64,P
32.0,R64,P
14.0,R64,P
24.0,R64,P
77.0,R64,P
43.0,R64,P
93.0,R64,P
209.0,R64,P
15.0,R64,P
23.0,R64,P
25.0,R64,P
97.0,R64,P
30.0,R64,P
82.0,R64,P
38.0,R64,P
157.0,R64,P
47.0,R64,P
21.0,R32,P
44.0,R32,P
35.0,R32,P
8.0,R32,P
27.0,R32,P
41.0,R32,P
164.0,R32,P
48.0,R32,P
22.0,R32,P
12.0,R32,P
28.0,R32,P
37.0,R32,P
20.0,R32,P
10.0,R32,P
49.0,R32,P
31.0,R32,P
17.0,R16,P
113.0,R16,P
6.0,R16,P
7.0,R16,P
57.0,R16,P
29.0,R16,P
9.0,R16,P
4.0,R16,P
13.0,QF,P
16.0,QF,P
11.0,QF,P
51.0,QF,P
1.0,SF,P
19.0,SF,P
26.0,F,P
5.0,W,P
152.0,R64,P
74.0,R64,P
16.0,R64,P
47.0,R64,P
496.0,R64,P
23.0,R64,P
36.0,R64,P
66.0,R64,P
39.0,R64,P
10.0,R64,P
45.0,R64,P
213.0,R64,P
18.0,R64,P
58.0,R64,P
51.0,R64,P
91.0,R64,P
20.0,R64,P
90.0,R64,P
37.0,R64,P
56.0,R64,P
13.0,R64,P
15.0,R64,P
44.0,R64,P
75.0,R64,P
1.0,R32,P
79.0,R32,P
12.0,R32,P
55.0,R32,P
25.0,R32,P
14.0,R32,P
30.0,R32,P
19.0,R32,P
6.0,R32,P
11.0,R32,P
17.0,R32,P
62.0,R32,P
40.0,R32,P
29.0,R32,P
26.0,R32,P
2.0,R32,P
48.0,R16,P
67.0,R16,P
4.0,R16,P
27.0,R16,P
38.0,R16,P
31.0,R16,P
32.0,R16,P
22.0,R16,P
21.0,QF,P
61.0,QF,P
49.0,QF,P
8.0,QF,P
7.0,SF,P
34.0,SF,P
9.0,F,P
3.0,W,P
48.0,R32,P
115.0,R32,P
36.0,R32,P
76.0,R32,P
43.0,R32,P
87.0,R32,P
14.0,R32,P
44.0,R32,P
99.0,R32,P
10.0,R32,P
41.0,R32,P
32.0,R32,P
31.0,R16,P
40.0,R16,P
34.0,R16,P
16.0,R16,P
71.0,R16,P
45.0,R16,P
62.0,R16,P
74.0,R16,P
21.0,QF,P
9.0,QF,P
38.0,QF,P
39.0,QF,P
5.0,SF,P
25.0,SF,P
7.0,F,P
26.0,W,P
51.0,R64,P
127.0,R64,P
45.0,R64,P
46.0,R64,P
70.0,R64,P
48.0,R64,P
90.0,R64,P
84.0,R64,P
172.0,R64,P
345.0,R64,P
103.0,R64,P
85.0,R64,P
163.0,R64,P
65.0,R64,P
91.0,R64,P
39.0,R64,P
69.0,R64,P
440.0,R64,P
63.0,R64,P
96.0,R64,P
76.0,R64,P
93.0,R64,P
92.0,R64,P
55.0,R64,P
57.0,R32,P
126.0,R32,P
54.0,R32,P
104.0,R32,P
71.0,R32,P
117.0,R32,P
86.0,R32,P
35.0,R32,P
21.0,R32,P
42.0,R32,P
110.0,R32,P
44.0,R32,P
77.0,R32,P
50.0,R32,P
59.0,R32,P
49.0,R32,P
61.0,R16,P
75.0,R16,P
40.0,R16,P
67.0,R16,P
108.0,R16,P
135.0,R16,P
31.0,R16,P
17.0,R16,P
33.0,QF,P
19.0,QF,P
25.0,QF,P
78.0,QF,P
36.0,SF,P
43.0,SF,P
62.0,F,P
13.0,W,P
4.0,R32,P
77.0,R32,P
45.0,R32,P
44.0,R32,P
8.0,R32,P
72.0,R32,P
46.0,R32,P
17.0,R32,P
14.0,R32,P
21.0,R32,P
60.0,R32,P
7.0,R32,P
119.0,R32,P
37.0,R32,P
33.0,R32,P
23.0,R32,P
26.0,R16,P
25.0,R16,P
109.0,R16,P
18.0,R16,P
35.0,R16,P
32.0,R16,P
12.0,R16,P
57.0,R16,P
22.0,QF,P
42.0,QF,P
58.0,QF,P
6.0,QF,P
16.0,SF,P
70.0,SF,P
9.0,F,P
47.0,W,P
49.0,R32,P
209.0,R32,P
26.0,R32,P
22.0,R32,P
118.0,R32,P
31.0,R32,P
87.0,R32,P
28.0,R32,P
80.0,R32,P
14.0,R32,P
27.0,R32,P
228.0,R32,P
20.0,R16,P
25.0,R16,P
7.0,R16,P
23.0,R16,P
13.0,R16,P
6.0,R16,P
94.0,R16,P
5.0,R16,P
3.0,QF,P
16.0,QF,P
102.0,QF,P
29.0,QF,P
11.0,SF,P
8.0,SF,P
12.0,F,P
9.0,W,P
103.0,R64,P
39.0,R64,P
37.0,R64,P
10.0,R64,P
27.0,R64,P
65.0,R64,P
44.0,R64,P
48.0,R64,P
81.0,R64,P
51.0,R64,P
23.0,R64,P
31.0,R64,P
41.0,R64,P
25.0,R64,P
40.0,R64,P
20.0,R64,P
136.0,R64,P
45.0,R64,P
42.0,R64,P
19.0,R64,P
91.0,R64,P
17.0,R64,P
38.0,R64,P
36.0,R64,P
28.0,R32,P
16.0,R32,P
54.0,R32,P
6.0,R32,P
47.0,R32,P
32.0,R32,P
21.0,R32,P
60.0,R32,P
29.0,R32,P
96.0,R32,P
34.0,R32,P
73.0,R32,P
9.0,R32,P
24.0,R32,P
33.0,R32,P
53.0,R32,P
49.0,R16,P
63.0,R16,P
5.0,R16,P
7.0,R16,P
12.0,R16,P
61.0,R16,P
69.0,R16,P
18.0,R16,P
43.0,QF,P
14.0,QF,P
3.0,QF,P
2.0,QF,P
13.0,SF,P
8.0,SF,P
11.0,F,P
1.0,W,P
31.0,R32,P
100.0,R32,P
47.0,R32,P
86.0,R32,P
23.0,R32,P
29.0,R32,P
12.0,R32,P
24.0,R32,P
27.0,R32,P
36.0,R32,P
51.0,R32,P
55.0,R32,P
35.0,R16,P
38.0,R16,P
25.0,R16,P
34.0,R16,P
103.0,R16,P
11.0,R16,P
365.0,R16,P
91.0,R16,P
13.0,QF,P
15.0,QF,P
30.0,QF,P
19.0,QF,P
8.0,SF,P
26.0,SF,P
9.0,F,P
10.0,W,P
43.0,R64,P
120.0,R64,P
18.0,R64,P
30.0,R64,P
39.0,R64,P
172.0,R64,P
104.0,R64,P
100.0,R64,P
20.0,R64,P
13.0,R64,P
25.0,R64,P
76.0,R64,P
51.0,R64,P
63.0,R64,P
14.0,R64,P
19.0,R64,P
458.0,R64,P
22.0,R64,P
36.0,R64,P
71.0,R64,P
50.0,R64,P
121.0,R64,P
38.0,R64,P
125.0,R64,P
32.0,R32,P
49.0,R32,P
12.0,R32,P
53.0,R32,P
48.0,R32,P
44.0,R32,P
47.0,R32,P
40.0,R32,P
27.0,R32,P
52.0,R32,P
42.0,R32,P
99.0,R32,P
11.0,R32,P
16.0,R32,P
21.0,R32,P
26.0,R32,P
3.0,R16,P
34.0,R16,P
28.0,R16,P
180.0,R16,P
55.0,R16,P
54.0,R16,P
82.0,R16,P
110.0,R16,P
134.0,QF,P
6.0,QF,P
7.0,QF,P
72.0,QF,P
8.0,SF,P
4.0,SF,P
9.0,F,P
10.0,W,P
150.0,R32,P
381.0,R32,P
100.0,R32,P
97.0,R32,P
55.0,R32,P
27.0,R32,P
40.0,R32,P
94.0,R32,P
155.0,R32,P
36.0,R32,P
101.0,R32,P
83.0,R32,P
14.0,R16,P
44.0,R16,P
15.0,R16,P
87.0,R16,P
162.0,R16,P
66.0,R16,P
109.0,R16,P
12.0,R16,P
140.0,QF,P
39.0,QF,P
26.0,QF,P
43.0,QF,P
128.0,SF,P
17.0,SF,P
61.0,F,P
30.0,W,P
143.0,R32,P
18.0,R32,P
121.0,R32,P
117.0,R32,P
51.0,R32,P
9.0,R32,P
15.0,R32,P
17.0,R32,P
14.0,R32,P
8.0,R32,P
33.0,R32,P
25.0,R32,P
24.0,R16,P
28.0,R16,P
6.0,R16,P
20.0,R16,P
50.0,R16,P
10.0,R16,P
12.0,R16,P
3.0,R16,P
7.0,QF,P
16.0,QF,P
27.0,QF,P
22.0,QF,P
1.0,SF,P
11.0,SF,P
26.0,F,P
44.0,W,P
132.0,R64,P
46.0,R64,P
66.0,R64,P
109.0,R64,P
124.0,R64,P
80.0,R64,P
74.0,R64,P
71.0,R64,P
94.0,R64,P
29.0,R64,P
234.0,R64,P
334.0,R64,P
147.0,R64,P
89.0,R64,P
86.0,R64,P
167.0,R64,P
111.0,R64,P
93.0,R64,P
58.0,R64,P
48.0,R64,P
56.0,R64,P
122.0,R64,P
53.0,R64,P
81.0,R64,P
1.0,R32,P
83.0,R32,P
159.0,R32,P
27.0,R32,P
135.0,R32,P
36.0,R32,P
61.0,R32,P
18.0,R32,P
55.0,R32,P
79.0,R32,P
76.0,R32,P
72.0,R32,P
117.0,R32,P
77.0,R32,P
45.0,R32,P
62.0,R32,P
34.0,R16,P
99.0,R16,P
47.0,R16,P
35.0,R16,P
19.0,R16,P
15.0,R16,P
28.0,R16,P
75.0,R16,P
32.0,QF,P
11.0,QF,P
26.0,QF,P
8.0,QF,P
140.0,SF,P
20.0,SF,P
78.0,F,P
40.0,W,P
88.0,R32,P
65.0,R32,P
29.0,R32,P
181.0,R32,P
19.0,R32,P
55.0,R32,P
12.0,R32,P
89.0,R32,P
912.0,R32,P
16.0,R32,P
30.0,R32,P
44.0,R32,P
45.0,R16,P
421.0,R16,P
10.0,R16,P
406.0,R16,P
33.0,R16,P
48.0,R16,P
71.0,R16,P
5.0,R16,P
11.0,QF,P
25.0,QF,P
28.0,QF,P
193.0,QF,P
18.0,SF,P
59.0,SF,P
8.0,F,P
1.0,W,P
49.0,R64,P
36.0,R64,P
76.0,R64,P
44.0,R64,P
19.0,R64,P
27.0,R64,P
157.0,R64,P
26.0,R64,P
67.0,R64,P
56.0,R64,P
46.0,R64,P
35.0,R64,P
37.0,R64,P
141.0,R64,P
80.0,R64,P
53.0,R64,P
30.0,R64,P
48.0,R64,P
23.0,R64,P
59.0,R64,P
13.0,R64,P
20.0,R64,P
62.0,R64,P
70.0,R64,P
22.0,R32,P
125.0,R32,P
33.0,R32,P
66.0,R32,P
34.0,R32,P
15.0,R32,P
31.0,R32,P
18.0,R32,P
8.0,R32,P
45.0,R32,P
81.0,R32,P
4.0,R32,P
28.0,R32,P
74.0,R32,P
52.0,R32,P
54.0,R32,P
14.0,R16,P
21.0,R16,P
29.0,R16,P
7.0,R16,P
24.0,R16,P
16.0,R16,P
25.0,R16,P
17.0,R16,P
9.0,QF,P
5.0,QF,P
39.0,QF,P
2.0,QF,P
12.0,SF,P
6.0,SF,P
11.0,F,P
1.0,W,P
71.0,R32,P
30.0,R32,P
37.0,R32,P
78.0,R32,P
39.0,R32,P
34.0,R32,P
14.0,R32,P
13.0,R32,P
91.0,R32,P
32.0,R32,P
35.0,R32,P
60.0,R32,P
59.0,R32,P
29.0,R32,P
2.0,R16,P
12.0,R16,P
11.0,R16,P
40.0,R16,P
19.0,R16,P
8.0,R16,P
42.0,R16,P
18.0,R16,P
44.0,QF,P
26.0,QF,P
47.0,QF,P
31.0,QF,P
38.0,SF,P
25.0,SF,P
68.0,F,P
4.0,W,P
222.0,R64,P
75.0,R64,P
315.0,R64,P
8.0,R64,P
35.0,R64,P
18.0,R64,P
25.0,R64,P
45.0,R64,P
22.0,R64,P
124.0,R64,P
52.0,R64,P
30.0,R64,P
98.0,R64,P
44.0,R64,P
13.0,R64,P
39.0,R64,P
374.0,R64,P
15.0,R64,P
34.0,R64,P
29.0,R64,P
10.0,R64,P
91.0,R64,P
90.0,R64,P
38.0,R64,P
26.0,R32,P
66.0,R32,P
51.0,R32,P
7.0,R32,P
5.0,R32,P
37.0,R32,P
12.0,R32,P
77.0,R32,P
9.0,R32,P
48.0,R32,P
43.0,R32,P
4.0,R32,P
60.0,R32,P
62.0,R32,P
96.0,R32,P
23.0,R32,P
16.0,R16,P
40.0,R16,P
24.0,R16,P
71.0,R16,P
56.0,R16,P
21.0,R16,P
28.0,R16,P
11.0,R16,P
53.0,QF,P
6.0,QF,P
54.0,QF,P
14.0,QF,P
1.0,SF,P
17.0,SF,P
3.0,F,P
20.0,W,P
31.0,R64,P
74.0,R64,P
16.0,R64,P
7.0,R64,P
34.0,R64,P
156.0,R64,P
51.0,R64,P
42.0,R64,P
77.0,R64,P
81.0,R64,P
65.0,R64,P
21.0,R64,P
59.0,R64,P
40.0,R64,P
55.0,R64,P
71.0,R64,P
115.0,R64,P
79.0,R64,P
60.0,R64,P
44.0,R64,P
54.0,R64,P
22.0,R64,P
35.0,R64,P
75.0,R64,P
32.0,R32,P
23.0,R32,P
56.0,R32,P
47.0,R32,P
37.0,R32,P
26.0,R32,P
45.0,R32,P
84.0,R32,P
30.0,R32,P
38.0,R32,P
17.0,R32,P
11.0,R32,P
25.0,R32,P
14.0,R32,P
39.0,R32,P
3.0,R32,P
2.0,R16,P
10.0,R16,P
4.0,R16,P
20.0,R16,P
9.0,R16,P
27.0,R16,P
33.0,R16,P
41.0,R16,P
66.0,QF,P
12.0,QF,P
29.0,QF,P
49.0,QF,P
18.0,SF,P
13.0,SF,P
8.0,F,P
24.0,W,P
27.0,R64,P
23.0,R64,P
55.0,R64,P
12.0,R64,P
40.0,R64,P
33.0,R64,P
91.0,R64,P
30.0,R64,P
36.0,R64,P
28.0,R64,P
109.0,R64,P
60.0,R64,P
47.0,R64,P
44.0,R64,P
38.0,R64,P
37.0,R64,P
741.0,R64,P
81.0,R64,P
50.0,R64,P
111.0,R64,P
46.0,R64,P
69.0,R64,P
26.0,R64,P
32.0,R64,P
39.0,R32,P
15.0,R32,P
22.0,R32,P
7.0,R32,P
52.0,R32,P
17.0,R32,P
11.0,R32,P
5.0,R32,P
34.0,R32,P
41.0,R32,P
63.0,R32,P
51.0,R32,P
53.0,R32,P
14.0,R32,P
19.0,R32,P
45.0,R32,P
1.0,R16,P
24.0,R16,P
73.0,R16,P
31.0,R16,P
6.0,R16,P
20.0,R16,P
8.0,R16,P
16.0,R16,P
65.0,QF,P
29.0,QF,P
4.0,QF,P
72.0,QF,P
78.0,SF,P
2.0,SF,P
10.0,F,P
3.0,W,P
57.0,R64,P
80.0,R64,P
16.0,R64,P
10.0,R64,P
60.0,R64,P
33.0,R64,P
23.0,R64,P
103.0,R64,P
51.0,R64,P
11.0,R64,P
59.0,R64,P
77.0,R64,P
85.0,R64,P
45.0,R64,P
8.0,R64,P
55.0,R64,P
61.0,R64,P
68.0,R64,P
18.0,R64,P
43.0,R64,P
14.0,R64,P
15.0,R64,P
27.0,R64,P
38.0,R64,P
42.0,R32,P
36.0,R32,P
58.0,R32,P
22.0,R32,P
4.0,R32,P
24.0,R32,P
26.0,R32,P
46.0,R32,P
5.0,R32,P
106.0,R32,P
31.0,R32,P
40.0,R32,P
83.0,R32,P
19.0,R32,P
28.0,R32,P
48.0,R32,P
35.0,R16,P
30.0,R16,P
39.0,R16,P
12.0,R16,P
21.0,R16,P
17.0,R16,P
7.0,R16,P
47.0,R16,P
9.0,QF,P
6.0,QF,P
34.0,QF,P
41.0,QF,P
20.0,SF,P
25.0,SF,P
3.0,F,P
1.0,W,P
81.0,R64,P
35.0,R64,P
79.0,R64,P
49.0,R64,P
68.0,R64,P
44.0,R64,P
36.0,R64,P
47.0,R64,P
40.0,R64,P
38.0,R64,P
120.0,R64,P
60.0,R64,P
58.0,R64,P
88.0,R64,P
24.0,R64,P
62.0,R64,P
63.0,R64,P
891.0,R64,P
54.0,R64,P
52.0,R64,P
21.0,R64,P
30.0,R64,P
162.0,R64,P
65.0,R64,P
208.0,R32,P
33.0,R32,P
56.0,R32,P
11.0,R32,P
96.0,R32,P
87.0,R32,P
25.0,R32,P
139.0,R32,P
14.0,R32,P
95.0,R32,P
67.0,R32,P
48.0,R32,P
31.0,R32,P
64.0,R32,P
90.0,R32,P
7.0,R32,P
92.0,R16,P
28.0,R16,P
27.0,R16,P
34.0,R16,P
69.0,R16,P
29.0,R16,P
59.0,R16,P
135.0,R16,P
3.0,QF,P
9.0,QF,P
75.0,QF,P
77.0,QF,P
43.0,SF,P
19.0,SF,P
12.0,F,P
10.0,W,P
63.0,R64,P
30.0,R64,P
38.0,R64,P
197.0,R64,P
358.0,R64,P
86.0,R64,P
59.0,R64,P
61.0,R64,P
25.0,R64,P
47.0,R64,P
36.0,R64,P
34.0,R64,P
72.0,R64,P
35.0,R64,P
66.0,R64,P
79.0,R64,P
32.0,R32,P
28.0,R32,P
17.0,R32,P
9.0,R32,P
6.0,R32,P
22.0,R32,P
73.0,R32,P
62.0,R32,P
42.0,R32,P
21.0,R32,P
81.0,R32,P
8.0,R32,P
46.0,R32,P
33.0,R32,P
24.0,R32,P
58.0,R32,P
19.0,R16,P
64.0,R16,P
49.0,R16,P
11.0,R16,P
12.0,R16,P
20.0,R16,P
48.0,R16,P
27.0,R16,P
41.0,QF,P
44.0,QF,P
146.0,QF,P
14.0,QF,P
43.0,SF,P
5.0,SF,P
13.0,F,P
31.0,W,P
201.0,R32,P
174.0,R32,P
182.0,R32,P
188.0,R32,P
39.0,R32,P
6.0,R32,P
92.0,R32,P
64.0,R32,P
148.0,R32,P
9.0,R32,P
19.0,R32,P
23.0,R32,P
2.0,R16,P
194.0,R16,P
4.0,R16,P
74.0,R16,P
34.0,R16,P
13.0,R16,P
32.0,R16,P
20.0,R16,P
8.0,QF,P
29.0,QF,P
10.0,QF,P
15.0,QF,P
43.0,SF,P
3.0,SF,P
5.0,F,P
14.0,W,P
28.0,R32,P
41.0,R32,P
39.0,R32,P
182.0,R32,P
51.0,R32,P
200.0,R32,P
45.0,R32,P
211.0,R32,P
86.0,R32,P
83.0,R32,P
85.0,R32,P
35.0,R32,P
68.0,R16,P
37.0,R16,P
40.0,R16,P
22.0,R16,P
16.0,R16,P
80.0,R16,P
10.0,R16,P
36.0,R16,P
9.0,QF,P
8.0,QF,P
11.0,QF,P
12.0,QF,P
6.0,SF,P
48.0,SF,P
15.0,F,P
13.0,W,P
41.0,R32,P
94.0,R32,P
103.0,R32,P
95.0,R32,P
70.0,R32,P
58.0,R32,P
52.0,R32,P
142.0,R32,P
111.0,R32,P
149.0,R32,P
44.0,R32,P
45.0,R32,P
36.0,R16,P
26.0,R16,P
107.0,R16,P
15.0,R16,P
29.0,R16,P
33.0,R16,P
27.0,R16,P
9.0,R16,P
8.0,QF,P
134.0,QF,P
14.0,QF,P
66.0,QF,P
37.0,SF,P
104.0,SF,P
31.0,F,P
32.0,W,P
115.0,R64,P
176.0,R64,P
87.0,R64,P
30.0,R64,P
68.0,R64,P
45.0,R64,P
71.0,R64,P
64.0,R64,P
38.0,R64,P
31.0,R64,P
58.0,R64,P
614.0,R64,P
88.0,R64,P
63.0,R64,P
44.0,R64,P
41.0,R64,P
298.0,R64,P
79.0,R64,P
99.0,R64,P
117.0,R64,P
109.0,R64,P
144.0,R64,P
91.0,R64,P
97.0,R64,P
7.0,R32,P
40.0,R32,P
60.0,R32,P
166.0,R32,P
122.0,R32,P
80.0,R32,P
126.0,R32,P
137.0,R32,P
95.0,R32,P
35.0,R32,P
108.0,R32,P
104.0,R32,P
90.0,R32,P
26.0,R32,P
78.0,R32,P
84.0,R32,P
39.0,R16,P
107.0,R16,P
195.0,R16,P
28.0,R16,P
17.0,R16,P
43.0,R16,P
83.0,R16,P
8.0,R16,P
66.0,QF,P
14.0,QF,P
121.0,QF,P
36.0,QF,P
110.0,SF,P
11.0,SF,P
20.0,F,P
16.0,W,P
35.0,R32,P
69.0,R32,P
64.0,R32,P
37.0,R32,P
34.0,R32,P
42.0,R32,P
16.0,R32,P
14.0,R32,P
26.0,R32,P
25.0,R32,P
56.0,R32,P
43.0,R32,P
77.0,R32,P
17.0,R32,P
41.0,R16,P
248.0,R16,P
28.0,R16,P
39.0,R16,P
79.0,R16,P
47.0,R16,P
27.0,R16,P
19.0,R16,P
8.0,QF,P
58.0,QF,P
36.0,QF,P
15.0,QF,P
46.0,SF,P
4.0,SF,P
6.0,F,P
5.0,W,P
49.0,R32,P
371.0,R32,P
54.0,R32,P
24.0,R32,P
87.0,R32,P
64.0,R32,P
106.0,R32,P
36.0,R32,P
65.0,R32,P
41.0,R32,P
68.0,R32,P
157.0,R32,P
5.0,R16,P
17.0,R16,P
173.0,R16,P
18.0,R16,P
126.0,R16,P
10.0,R16,P
86.0,R16,P
104.0,R16,P
63.0,QF,P
69.0,QF,P
59.0,QF,P
7.0,QF,P
60.0,SF,P
20.0,SF,P
11.0,F,P
14.0,W,P
27.0,R32,P
51.0,R32,P
37.0,R32,P
36.0,R32,P
43.0,R32,P
48.0,R32,P
16.0,R32,P
177.0,R32,P
42.0,R32,P
21.0,R32,P
11.0,R32,P
13.0,R32,P
88.0,R32,P
61.0,R32,P
66.0,R16,P
60.0,R16,P
231.0,R16,P
63.0,R16,P
23.0,R16,P
30.0,R16,P
91.0,R16,P
70.0,R16,P
17.0,QF,P
9.0,QF,P
100.0,QF,P
52.0,QF,P
28.0,SF,P
34.0,SF,P
7.0,F,P
2.0,W,P
89.0,R32,P
28.0,R32,P
26.0,R32,P
19.0,R32,P
14.0,R32,P
32.0,R32,P
90.0,R32,P
12.0,R32,P
27.0,R32,P
16.0,R32,P
8.0,R32,P
69.0,R32,P
13.0,R32,P
23.0,R32,P
97.0,R16,P
10.0,R16,P
6.0,R16,P
187.0,R16,P
33.0,R16,P
20.0,R16,P
11.0,R16,P
21.0,R16,P
17.0,QF,P
24.0,QF,P
25.0,QF,P
68.0,QF,P
9.0,SF,P
67.0,SF,P
22.0,F,P
4.0,W,P
327.0,R32,P
66.0,R32,P
37.0,R32,P
47.0,R32,P
50.0,R32,P
195.0,R32,P
56.0,R32,P
53.0,R32,P
67.0,R32,P
31.0,R32,P
59.0,R32,P
43.0,R32,P
7.0,R16,P
19.0,R16,P
103.0,R16,P
247.0,R16,P
63.0,R16,P
74.0,R16,P
57.0,R16,P
10.0,R16,P
42.0,QF,P
18.0,QF,P
15.0,QF,P
81.0,QF,P
23.0,SF,P
22.0,SF,P
17.0,F,P
12.0,W,P
77.0,R32,P
103.0,R32,P
20.0,R32,P
25.0,R32,P
126.0,R32,P
65.0,R32,P
34.0,R32,P
28.0,R32,P
26.0,R32,P
11.0,R32,P
112.0,R32,P
24.0,R32,P
23.0,R16,P
13.0,R16,P
9.0,R16,P
31.0,R16,P
22.0,R16,P
16.0,R16,P
27.0,R16,P
94.0,R16,P
4.0,QF,P
10.0,QF,P
8.0,QF,P
5.0,QF,P
14.0,SF,P
17.0,SF,P
48.0,F,P
15.0,W,P
39.0,R64,P
46.0,R64,P
71.0,R64,P
68.0,R64,P
43.0,R64,P
73.0,R64,P
183.0,R64,P
59.0,R64,P
65.0,R64,P
42.0,R64,P
48.0,R64,P
58.0,R64,P
78.0,R64,P
52.0,R64,P
40.0,R64,P
159.0,R64,P
61.0,R64,P
271.0,R64,P
55.0,R64,P
92.0,R64,P
157.0,R64,P
32.0,R64,P
47.0,R32,P
23.0,R32,P
10.0,R32,P
132.0,R32,P
25.0,R32,P
120.0,R32,P
98.0,R32,P
27.0,R32,P
37.0,R32,P
35.0,R32,P
22.0,R32,P
28.0,R32,P
30.0,R32,P
21.0,R32,P
31.0,R32,P
26.0,R32,P
57.0,R16,P
33.0,R16,P
19.0,R16,P
12.0,R16,P
11.0,R16,P
6.0,R16,P
8.0,R16,P
3.0,R16,P
9.0,QF,P
14.0,QF,P
15.0,QF,P
13.0,QF,P
5.0,SF,P
24.0,SF,P
18.0,F,P
4.0,W,P
19.0,RR,P
75.0,RR,P
75.0,RR,P
12.0,RR,P
24.0,RR,P
24.0,RR,P
18.0,RR,P
21.0,RR,P
18.0,RR,P
26.0,RR,P
15.0,RR,P
17.0,RR,P
15.0,SF,P
20.0,SF,P
13.0,F,P
11.0,W,P
426.0,R32,P
37.0,R32,P
16.0,R32,P
66.0,R32,P
21.0,R32,P
94.0,R32,P
24.0,R32,P
72.0,R32,P
29.0,R32,P
42.0,R32,P
79.0,R32,P
26.0,R32,P
22.0,R32,P
51.0,R32,P
100.0,R16,P
55.0,R16,P
96.0,R16,P
102.0,R16,P
52.0,R16,P
40.0,R16,P
27.0,R16,P
39.0,R16,P
8.0,QF,P
20.0,QF,P
36.0,QF,P
68.0,QF,P
62.0,SF,P
15.0,SF,P
23.0,F,P
4.0,W,P
56.0,R32,P
123.0,R32,P
125.0,R32,P
86.0,R32,P
1058.0,R32,P
149.0,R32,P
52.0,R32,P
201.0,R32,P
346.0,R32,P
38.0,R32,P
131.0,R32,P
119.0,R32,P
156.0,R16,P
75.0,R16,P
144.0,R16,P
51.0,R16,P
135.0,R16,P
71.0,R16,P
204.0,R16,P
87.0,R16,P
36.0,QF,P
74.0,QF,P
35.0,QF,P
203.0,QF,P
12.0,SF,P
78.0,SF,P
7.0,F,P
18.0,W,P
229.0,R64,P
79.0,R64,P
63.0,R64,P
68.0,R64,P
50.0,R64,P
132.0,R64,P
40.0,R64,P
83.0,R64,P
60.0,R64,P
84.0,R64,P
96.0,R64,P
46.0,R64,P
38.0,R64,P
31.0,R64,P
64.0,R64,P
82.0,R64,P
7.0,R32,P
22.0,R32,P
42.0,R32,P
45.0,R32,P
8.0,R32,P
23.0,R32,P
51.0,R32,P
13.0,R32,P
16.0,R32,P
107.0,R32,P
30.0,R32,P
12.0,R32,P
14.0,R32,P
36.0,R32,P
27.0,R32,P
56.0,R32,P
34.0,R16,P
11.0,R16,P
62.0,R16,P
49.0,R16,P
37.0,R16,P
58.0,R16,P
65.0,R16,P
48.0,R16,P
39.0,QF,P
53.0,QF,P
33.0,QF,P
3.0,QF,P
18.0,SF,P
43.0,SF,P
17.0,F,P
21.0,W,P
133.0,R32,P
34.0,R32,P
14.0,R32,P
31.0,R32,P
72.0,R32,P
13.0,R32,P
9.0,R32,P
40.0,R32,P
29.0,R32,P
18.0,R32,P
93.0,R32,P
35.0,R32,P
5.0,R16,P
30.0,R16,P
8.0,R16,P
82.0,R16,P
20.0,R16,P
11.0,R16,P
54.0,R16,P
3.0,R16,P
46.0,QF,P
60.0,QF,P
28.0,QF,P
17.0,QF,P
21.0,SF,P
38.0,SF,P
47.0,F,P
22.0,W,P
159.0,R64,P
57.0,R64,P
97.0,R64,P
105.0,R64,P
467.0,R64,P
131.0,R64,P
964.0,R64,P
84.0,R64,P
91.0,R64,P
124.0,R64,P
90.0,R64,P
114.0,R64,P
120.0,R64,P
176.0,R64,P
86.0,R64,P
66.0,R64,P
156.0,R64,P
95.0,R64,P
83.0,R64,P
49.0,R64,P
44.0,R64,P
43.0,R64,P
54.0,R64,P
108.0,R64,P
10.0,R32,P
46.0,R32,P
29.0,R32,P
22.0,R32,P
94.0,R32,P
51.0,R32,P
121.0,R32,P
70.0,R32,P
50.0,R32,P
64.0,R32,P
79.0,R32,P
15.0,R32,P
28.0,R32,P
89.0,R32,P
63.0,R32,P
80.0,R32,P
112.0,R16,P
74.0,R16,P
14.0,R16,P
26.0,R16,P
37.0,R16,P
126.0,R16,P
62.0,R16,P
142.0,R16,P
75.0,QF,P
61.0,QF,P
35.0,QF,P
34.0,QF,P
20.0,SF,P
2.0,SF,P
85.0,F,P
25.0,W,P
75.0,R64,P
66.0,R64,P
150.0,R64,P
67.0,R64,P
35.0,R64,P
23.0,R64,P
39.0,R64,P
465.0,R64,P
64.0,R64,P
86.0,R64,P
49.0,R64,P
38.0,R64,P
31.0,R64,P
29.0,R64,P
24.0,R64,P
43.0,R64,P
59.0,R64,P
40.0,R64,P
36.0,R64,P
28.0,R64,P
81.0,R64,P
52.0,R64,P
44.0,R64,P
37.0,R64,P
55.0,R32,P
272.0,R32,P
18.0,R32,P
77.0,R32,P
45.0,R32,P
25.0,R32,P
41.0,R32,P
160.0,R32,P
22.0,R32,P
51.0,R32,P
63.0,R32,P
61.0,R32,P
9.0,R32,P
10.0,R32,P
120.0,R32,P
84.0,R32,P
20.0,R16,P
8.0,R16,P
17.0,R16,P
13.0,R16,P
6.0,R16,P
4.0,R16,P
42.0,R16,P
50.0,R16,P
33.0,QF,P
11.0,QF,P
19.0,QF,P
14.0,QF,P
2.0,SF,P
121.0,SF,P
12.0,F,P
5.0,W,P
33.0,R64,P
51.0,R64,P
81.0,R64,P
80.0,R64,P
30.0,R64,P
377.0,R64,P
40.0,R64,P
31.0,R64,P
127.0,R64,P
34.0,R64,P
101.0,R64,P
73.0,R64,P
71.0,R64,P
32.0,R64,P
19.0,R64,P
103.0,R64,P
54.0,R64,P
69.0,R64,P
29.0,R64,P
84.0,R64,P
53.0,R64,P
18.0,R64,P
95.0,R64,P
49.0,R64,P
4.0,R32,P
35.0,R32,P
56.0,R32,P
104.0,R32,P
75.0,R32,P
20.0,R32,P
47.0,R32,P
12.0,R32,P
7.0,R32,P
41.0,R32,P
17.0,R32,P
60.0,R32,P
38.0,R32,P
21.0,R32,P
62.0,R32,P
2.0,R32,P
22.0,R16,P
15.0,R16,P
37.0,R16,P
161.0,R16,P
43.0,R16,P
48.0,R16,P
8.0,R16,P
61.0,R16,P
118.0,QF,P
10.0,QF,P
5.0,QF,P
72.0,QF,P
3.0,SF,P
27.0,SF,P
88.0,F,P
11.0,W,P
49.0,R32,P
22.0,R32,P
154.0,R32,P
50.0,R32,P
45.0,R32,P
121.0,R32,P
29.0,R32,P
48.0,R32,P
27.0,R32,P
15.0,R32,P
82.0,R32,P
28.0,R32,P
41.0,R16,P
52.0,R16,P
40.0,R16,P
31.0,R16,P
57.0,R16,P
6.0,R16,P
19.0,R16,P
30.0,R16,P
11.0,QF,P
4.0,QF,P
8.0,QF,P
18.0,QF,P
7.0,SF,P
2.0,SF,P
71.0,F,P
3.0,W,P
266.0,R32,P
84.0,R32,P
88.0,R32,P
18.0,R32,P
28.0,R32,P
23.0,R32,P
230.0,R32,P
45.0,R32,P
17.0,R32,P
66.0,R32,P
42.0,R32,P
8.0,R32,P
48.0,R32,P
35.0,R32,P
101.0,R32,P
3.0,R32,P
50.0,R16,P
33.0,R16,P
11.0,R16,P
119.0,R16,P
55.0,R16,P
26.0,R16,P
19.0,R16,P
68.0,R16,P
4.0,QF,P
38.0,QF,P
72.0,QF,P
49.0,QF,P
15.0,SF,P
32.0,SF,P
30.0,F,P
16.0,W,P
317.0,R32,P
79.0,R32,P
70.0,R32,P
26.0,R32,P
401.0,R32,P
9.0,R32,P
43.0,R32,P
34.0,R32,P
51.0,R32,P
44.0,R32,P
32.0,R32,P
62.0,R32,P
21.0,R16,P
16.0,R16,P
8.0,R16,P
38.0,R16,P
12.0,R16,P
6.0,R16,P
17.0,R16,P
35.0,R16,P
33.0,QF,P
109.0,QF,P
107.0,QF,P
3.0,QF,P
4.0,SF,P
20.0,SF,P
66.0,F,P
28.0,W,P
85.0,R32,P
109.0,R32,P
265.0,R32,P
86.0,R32,P
41.0,R32,P
124.0,R32,P
30.0,R32,P
69.0,R32,P
98.0,R32,P
111.0,R32,P
125.0,R32,P
71.0,R32,P
55.0,R16,P
37.0,R16,P
43.0,R16,P
122.0,R16,P
87.0,R16,P
18.0,R16,P
76.0,R16,P
39.0,R16,P
51.0,QF,P
177.0,QF,P
66.0,QF,P
26.0,QF,P
20.0,SF,P
63.0,SF,P
11.0,F,P
16.0,W,P
15.0,R32,P
77.0,R32,P
13.0,R32,P
20.0,R32,P
57.0,R32,P
33.0,R32,P
69.0,R32,P
12.0,R32,P
41.0,R32,P
462.0,R32,P
73.0,R32,P
22.0,R32,P
89.0,R32,P
30.0,R32,P
88.0,R16,P
29.0,R16,P
7.0,R16,P
61.0,R16,P
21.0,R16,P
32.0,R16,P
28.0,R16,P
34.0,R16,P
27.0,QF,P
23.0,QF,P
19.0,QF,P
11.0,QF,P
14.0,SF,P
2.0,SF,P
94.0,F,P
25.0,W,P
133.0,R128,P
55.0,R128,P
74.0,R128,P
63.0,R128,P
94.0,R128,P
125.0,R128,P
71.0,R128,P
181.0,R128,P
41.0,R128,P
82.0,R128,P
116.0,R128,P
259.0,R128,P
84.0,R128,P
88.0,R128,P
551.0,R128,P
60.0,R128,P
111.0,R128,P
90.0,R128,P
93.0,R128,P
103.0,R128,P
110.0,R128,P
80.0,R128,P
nan,R128,P
113.0,R128,P
379.0,R128,P
91.0,R128,P
102.0,R128,P
50.0,R128,P
49.0,R128,P
46.0,R128,P
768.0,R128,P
35.0,R128,P
2.0,R64,P
58.0,R64,P
107.0,R64,P
45.0,R64,P
105.0,R64,P
22.0,R64,P
30.0,R64,P
61.0,R64,P
4.0,R64,P
47.0,R64,P
25.0,R64,P
87.0,R64,P
44.0,R64,P
43.0,R64,P
33.0,R64,P
99.0,R64,P
51.0,R64,P
31.0,R64,P
24.0,R64,P
13.0,R64,P
17.0,R64,P
83.0,R64,P
53.0,R64,P
57.0,R64,P
202.0,R64,P
77.0,R64,P
23.0,R64,P
12.0,R64,P
16.0,R64,P
27.0,R64,P
29.0,R64,P
79.0,R64,P
64.0,R32,P
18.0,R32,P
42.0,R32,P
67.0,R32,P
62.0,R32,P
69.0,R32,P
14.0,R32,P
8.0,R32,P
66.0,R32,P
72.0,R32,P
38.0,R32,P
34.0,R32,P
32.0,R32,P
89.0,R32,P
36.0,R32,P
56.0,R32,P
26.0,R16,P
21.0,R16,P
28.0,R16,P
10.0,R16,P
95.0,R16,P
20.0,R16,P
37.0,R16,P
70.0,R16,P
48.0,QF,P
97.0,QF,P
9.0,QF,P
5.0,QF,P
19.0,SF,P
3.0,SF,P
1.0,F,P
15.0,W,P
52.0,R128,P
62.0,R128,P
117.0,R128,P
111.0,R128,P
45.0,R128,P
504.0,R128,P
131.0,R128,P
222.0,R128,P
57.0,R128,P
58.0,R128,P
87.0,R128,P
219.0,R128,P
126.0,R128,P
55.0,R128,P
53.0,R128,P
109.0,R128,P
59.0,R128,P
63.0,R128,P
132.0,R128,P
70.0,R128,P
264.0,R128,P
40.0,R128,P
43.0,R128,P
939.0,R128,P
105.0,R128,P
91.0,R128,P
114.0,R128,P
775.0,R128,P
100.0,R128,P
73.0,R128,P
84.0,R128,P
44.0,R128,P
32.0,R64,P
28.0,R64,P
14.0,R64,P
18.0,R64,P
85.0,R64,P
65.0,R64,P
37.0,R64,P
10.0,R64,P
54.0,R64,P
29.0,R64,P
26.0,R64,P
67.0,R64,P
13.0,R64,P
51.0,R64,P
664.0,R64,P
6.0,R64,P
36.0,R64,P
27.0,R64,P
22.0,R64,P
15.0,R64,P
50.0,R64,P
41.0,R64,P
30.0,R64,P
42.0,R64,P
83.0,R64,P
46.0,R64,P
183.0,R64,P
68.0,R64,P
82.0,R64,P
21.0,R64,P
34.0,R64,P
56.0,R64,P
108.0,R32,P
104.0,R32,P
9.0,R32,P
101.0,R32,P
74.0,R32,P
110.0,R32,P
96.0,R32,P
38.0,R32,P
66.0,R32,P
47.0,R32,P
17.0,R32,P
60.0,R32,P
7.0,R32,P
25.0,R32,P
48.0,R32,P
97.0,R32,P
49.0,R16,P
35.0,R16,P
4.0,R16,P
33.0,R16,P
69.0,R16,P
2.0,R16,P
16.0,R16,P
1.0,R16,P
24.0,QF,P
23.0,QF,P
5.0,QF,P
31.0,QF,P
3.0,SF,P
20.0,SF,P
19.0,F,P
8.0,W,P
25.0,R64,P
72.0,R64,P
18.0,R64,P
40.0,R64,P
86.0,R64,P
30.0,R64,P
58.0,R64,P
28.0,R64,P
17.0,R64,P
51.0,R64,P
62.0,R64,P
41.0,R64,P
60.0,R64,P
49.0,R64,P
91.0,R64,P
20.0,R64,P
34.0,R64,P
52.0,R64,P
44.0,R64,P
88.0,R64,P
53.0,R64,P
27.0,R64,P
423.0,R64,P
37.0,R64,P
2.0,R32,P
55.0,R32,P
14.0,R32,P
9.0,R32,P
29.0,R32,P
57.0,R32,P
42.0,R32,P
90.0,R32,P
7.0,R32,P
15.0,R32,P
109.0,R32,P
6.0,R32,P
5.0,R32,P
22.0,R32,P
16.0,R32,P
50.0,R32,P
46.0,R16,P
48.0,R16,P
39.0,R16,P
11.0,R16,P
23.0,R16,P
33.0,R16,P
32.0,R16,P
56.0,R16,P
36.0,QF,P
10.0,QF,P
45.0,QF,P
19.0,QF,P
4.0,SF,P
35.0,SF,P
24.0,F,P
1.0,W,P
39.0,R32,P
44.0,R32,P
52.0,R32,P
72.0,R32,P
74.0,R32,P
43.0,R32,P
21.0,R32,P
31.0,R32,P
49.0,R32,P
28.0,R32,P
191.0,R32,P
60.0,R32,P
12.0,R16,P
47.0,R16,P
19.0,R16,P
35.0,R16,P
246.0,R16,P
34.0,R16,P
42.0,R16,P
50.0,R16,P
23.0,QF,P
24.0,QF,P
58.0,QF,P
26.0,QF,P
64.0,SF,P
15.0,SF,P
37.0,F,P
9.0,W,P
27.0,R64,P
45.0,R64,P
74.0,R64,P
75.0,R64,P
37.0,R64,P
88.0,R64,P
28.0,R64,P
18.0,R64,P
17.0,R64,P
30.0,R64,P
65.0,R64,P
63.0,R64,P
41.0,R64,P
10.0,R64,P
53.0,R64,P
72.0,R64,P
79.0,R64,P
40.0,R64,P
20.0,R64,P
69.0,R64,P
13.0,R64,P
73.0,R64,P
42.0,R64,P
61.0,R64,P
114.0,R64,P
68.0,R64,P
29.0,R64,P
51.0,R64,P
33.0,R32,P
143.0,R32,P
31.0,R32,P
57.0,R32,P
56.0,R32,P
60.0,R32,P
26.0,R32,P
24.0,R32,P
43.0,R32,P
8.0,R32,P
16.0,R32,P
35.0,R32,P
223.0,R32,P
15.0,R32,P
105.0,R32,P
21.0,R32,P
4.0,R16,P
7.0,R16,P
5.0,R16,P
6.0,R16,P
58.0,R16,P
22.0,R16,P
25.0,R16,P
1.0,R16,P
11.0,QF,P
36.0,QF,P
39.0,QF,P
49.0,QF,P
9.0,SF,P
19.0,SF,P
14.0,F,P
3.0,W,P
26.0,R32,P
147.0,R32,P
65.0,R32,P
35.0,R32,P
89.0,R32,P
29.0,R32,P
12.0,R32,P
20.0,R32,P
336.0,R32,P
46.0,R32,P
61.0,R32,P
21.0,R32,P
41.0,R32,P
115.0,R32,P
3.0,R16,P
27.0,R16,P
40.0,R16,P
43.0,R16,P
14.0,R16,P
23.0,R16,P
38.0,R16,P
170.0,R16,P
47.0,QF,P
28.0,QF,P
24.0,QF,P
15.0,QF,P
13.0,SF,P
142.0,SF,P
10.0,F,P
22.0,W,P
3.0,R64,P
91.0,R64,P
32.0,R64,P
89.0,R64,P
36.0,R64,P
195.0,R64,P
60.0,R64,P
42.0,R64,P
35.0,R64,P
46.0,R64,P
51.0,R64,P
111.0,R64,P
29.0,R64,P
40.0,R64,P
47.0,R64,P
43.0,R64,P
77.0,R64,P
37.0,R64,P
56.0,R64,P
54.0,R64,P
121.0,R64,P
31.0,R64,P
239.0,R64,P
339.0,R64,P
8.0,R64,P
24.0,R64,P
28.0,R64,P
12.0,R64,P
18.0,R64,P
41.0,R64,P
22.0,R64,P
2.0,R64,P
33.0,R32,P
21.0,R32,P
13.0,R32,P
50.0,R32,P
4.0,R32,P
20.0,R32,P
30.0,R32,P
75.0,R32,P
55.0,R32,P
19.0,R32,P
17.0,R32,P
48.0,R32,P
52.0,R32,P
74.0,R32,P
45.0,R32,P
49.0,R32,P
25.0,R16,P
11.0,R16,P
59.0,R16,P
15.0,R16,P
6.0,R16,P
5.0,R16,P
44.0,R16,P
26.0,R16,P
134.0,QF,P
34.0,QF,P
39.0,QF,P
127.0,QF,P
23.0,SF,P
130.0,SF,P
38.0,F,P
7.0,W,P
61.0,R64,P
40.0,R64,P
22.0,R64,P
24.0,R64,P
43.0,R64,P
30.0,R64,P
25.0,R64,P
28.0,R64,P
23.0,R64,P
80.0,R64,P
68.0,R64,P
32.0,R64,P
360.0,R64,P
49.0,R64,P
57.0,R64,P
62.0,R64,P
37.0,R32,P
16.0,R32,P
58.0,R32,P
74.0,R32,P
44.0,R32,P
19.0,R32,P
121.0,R32,P
42.0,R32,P
67.0,R32,P
27.0,R32,P
86.0,R32,P
33.0,R32,P
70.0,R32,P
85.0,R32,P
39.0,R32,P
59.0,R32,P
20.0,R16,P
8.0,R16,P
47.0,R16,P
13.0,R16,P
11.0,R16,P
18.0,R16,P
15.0,R16,P
38.0,R16,P
12.0,QF,P
5.0,QF,P
41.0,QF,P
10.0,QF,P
4.0,SF,P
3.0,SF,P
2.0,F,P
17.0,W,P
50.0,R32,P
89.0,R32,P
63.0,R32,P
13.0,R32,P
43.0,R32,P
25.0,R32,P
24.0,R32,P
18.0,R32,P
30.0,R32,P
40.0,R32,P
14.0,R32,P
41.0,R32,P
27.0,R32,P
34.0,R32,P
47.0,R16,P
35.0,R16,P
82.0,R16,P
39.0,R16,P
127.0,R16,P
66.0,R16,P
31.0,R16,P
74.0,R16,P
20.0,QF,P
29.0,QF,P
76.0,QF,P
23.0,QF,P
46.0,SF,P
10.0,SF,P
11.0,F,P
26.0,W,P
71.0,R32,P
112.0,R32,P
45.0,R32,P
86.0,R32,P
295.0,R32,P
228.0,R32,P
64.0,R32,P
80.0,R32,P
48.0,R32,P
191.0,R32,P
230.0,R32,P
81.0,R32,P
111.0,R16,P
85.0,R16,P
46.0,R16,P
128.0,R16,P
171.0,R16,P
212.0,R16,P
65.0,R16,P
129.0,R16,P
14.0,QF,P
18.0,QF,P
32.0,QF,P
20.0,QF,P
44.0,SF,P
4.0,SF,P
24.0,F,P
21.0,W,P
40.0,R64,P
34.0,R64,P
22.0,R64,P
21.0,R64,P
28.0,R64,P
52.0,R64,P
64.0,R64,P
127.0,R64,P
27.0,R64,P
32.0,R64,P
81.0,R64,P
140.0,R64,P
71.0,R64,P
117.0,R64,P
23.0,R64,P
25.0,R64,P
77.0,R64,P
113.0,R64,P
94.0,R64,P
30.0,R64,P
135.0,R64,P
58.0,R64,P
49.0,R64,P
51.0,R64,P
3.0,R32,P
171.0,R32,P
38.0,R32,P
20.0,R32,P
80.0,R32,P
41.0,R32,P
59.0,R32,P
7.0,R32,P
95.0,R32,P
54.0,R32,P
55.0,R32,P
5.0,R32,P
48.0,R32,P
19.0,R32,P
24.0,R32,P
109.0,R32,P
31.0,R16,P
57.0,R16,P
6.0,R16,P
79.0,R16,P
44.0,R16,P
37.0,R16,P
16.0,R16,P
42.0,R16,P
76.0,QF,P
70.0,QF,P
46.0,QF,P
36.0,QF,P
35.0,SF,P
2.0,SF,P
15.0,F,P
13.0,W,P
151.0,R64,P
82.0,R64,P
36.0,R64,P
108.0,R64,P
120.0,R64,P
86.0,R64,P
41.0,R64,P
210.0,R64,P
73.0,R64,P
29.0,R64,P
107.0,R64,P
65.0,R64,P
59.0,R64,P
63.0,R64,P
129.0,R64,P
35.0,R64,P
119.0,R64,P
133.0,R64,P
80.0,R64,P
77.0,R64,P
132.0,R64,P
50.0,R64,P
57.0,R64,P
117.0,R64,P
38.0,R32,P
40.0,R32,P
81.0,R32,P
53.0,R32,P
10.0,R32,P
122.0,R32,P
83.0,R32,P
75.0,R32,P
61.0,R32,P
96.0,R32,P
91.0,R32,P
14.0,R32,P
92.0,R32,P
88.0,R32,P
32.0,R32,P
11.0,R32,P
27.0,R16,P
17.0,R16,P
28.0,R16,P
131.0,R16,P
669.0,R16,P
282.0,R16,P
21.0,R16,P
49.0,R16,P
33.0,QF,P
26.0,QF,P
12.0,QF,P
52.0,QF,P
37.0,SF,P
23.0,SF,P
66.0,F,P
42.0,W,P
31.0,R64,P
64.0,R64,P
13.0,R64,P
12.0,R64,P
54.0,R64,P
35.0,R64,P
22.0,R64,P
47.0,R64,P
45.0,R64,P
59.0,R64,P
107.0,R64,P
39.0,R64,P
24.0,R64,P
132.0,R64,P
30.0,R64,P
32.0,R64,P
48.0,R64,P
70.0,R64,P
167.0,R64,P
144.0,R64,P
20.0,R64,P
34.0,R64,P
71.0,R64,P
44.0,R64,P
33.0,R32,P
25.0,R32,P
68.0,R32,P
8.0,R32,P
82.0,R32,P
18.0,R32,P
40.0,R32,P
38.0,R32,P
7.0,R32,P
11.0,R32,P
14.0,R32,P
51.0,R32,P
88.0,R32,P
55.0,R32,P
16.0,R32,P
19.0,R32,P
26.0,R16,P
36.0,R16,P
58.0,R16,P
9.0,R16,P
42.0,R16,P
3.0,R16,P
10.0,R16,P
50.0,R16,P
21.0,QF,P
4.0,QF,P
41.0,QF,P
1.0,QF,P
2.0,SF,P
934.0,SF,P
6.0,F,P
5.0,W,P
86.0,R32,P
33.0,R32,P
82.0,R32,P
50.0,R32,P
35.0,R32,P
419.0,R32,P
43.0,R32,P
25.0,R32,P
22.0,R32,P
15.0,R32,P
41.0,R32,P
28.0,R32,P
24.0,R16,P
7.0,R16,P
23.0,R16,P
17.0,R16,P
16.0,R16,P
6.0,R16,P
27.0,R16,P
2.0,R16,P
31.0,QF,P
21.0,QF,P
55.0,QF,P
32.0,QF,P
5.0,SF,P
47.0,SF,P
18.0,F,P
3.0,W,P
50.0,R32,P
32.0,R32,P
20.0,R32,P
76.0,R32,P
18.0,R32,P
46.0,R32,P
8.0,R32,P
36.0,R32,P
34.0,R32,P
140.0,R32,P
29.0,R32,P
21.0,R32,P
23.0,R16,P
9.0,R16,P
17.0,R16,P
7.0,R16,P
43.0,R16,P
6.0,R16,P
14.0,R16,P
2.0,R16,P
3.0,QF,P
26.0,QF,P
73.0,QF,P
25.0,QF,P
5.0,SF,P
nan,SF,P
19.0,F,P
49.0,W,P
126.0,R32,P
65.0,R32,P
78.0,R32,P
44.0,R32,P
34.0,R32,P
59.0,R32,P
58.0,R32,P
154.0,R32,P
167.0,R32,P
39.0,R32,P
75.0,R32,P
64.0,R32,P
115.0,R32,P
87.0,R32,P
27.0,R32,P
6.0,R32,P
5.0,R16,P
22.0,R16,P
7.0,R16,P
45.0,R16,P
111.0,R16,P
31.0,R16,P
40.0,R16,P
61.0,R16,P
102.0,QF,P
30.0,QF,P
12.0,QF,P
21.0,QF,P
14.0,SF,P
41.0,SF,P
77.0,F,P
16.0,W,P
21.0,R32,P
86.0,R32,P
44.0,R32,P
27.0,R32,P
41.0,R32,P
15.0,R32,P
36.0,R32,P
108.0,R32,P
92.0,R32,P
88.0,R32,P
48.0,R32,P
98.0,R32,P
74.0,R16,P
32.0,R16,P
7.0,R16,P
57.0,R16,P
50.0,R16,P
59.0,R16,P
114.0,R16,P
70.0,R16,P
4.0,QF,P
25.0,QF,P
9.0,QF,P
20.0,QF,P
14.0,SF,P
1.0,SF,P
23.0,F,P
6.0,W,P
51.0,R64,P
107.0,R64,P
18.0,R64,P
12.0,R64,P
82.0,R64,P
44.0,R64,P
48.0,R64,P
61.0,R64,P
96.0,R64,P
11.0,R64,P
65.0,R64,P
19.0,R64,P
39.0,R64,P
22.0,R64,P
28.0,R64,P
17.0,R64,P
141.0,R64,P
45.0,R64,P
88.0,R64,P
49.0,R64,P
14.0,R64,P
15.0,R64,P
34.0,R64,P
36.0,R64,P
2.0,R32,P
43.0,R32,P
79.0,R32,P
170.0,R32,P
6.0,R32,P
38.0,R32,P
30.0,R32,P
8.0,R32,P
7.0,R32,P
27.0,R32,P
46.0,R32,P
26.0,R32,P
25.0,R32,P
24.0,R32,P
47.0,R32,P
50.0,R32,P
31.0,R16,P
9.0,R16,P
21.0,R16,P
76.0,R16,P
13.0,R16,P
55.0,R16,P
77.0,R16,P
83.0,R16,P
35.0,QF,P
42.0,QF,P
4.0,QF,P
1.0,QF,P
80.0,SF,P
10.0,SF,P
37.0,F,P
20.0,W,P
33.0,R32,P
76.0,R32,P
37.0,R32,P
182.0,R32,P
61.0,R32,P
24.0,R32,P
30.0,R32,P
28.0,R32,P
85.0,R32,P
80.0,R32,P
45.0,R32,P
35.0,R32,P
88.0,R16,P
44.0,R16,P
26.0,R16,P
67.0,R16,P
52.0,R16,P
11.0,R16,P
27.0,R16,P
39.0,R16,P
16.0,QF,P
8.0,QF,P
21.0,QF,P
4.0,QF,P
5.0,SF,P
115.0,SF,P
34.0,F,P
51.0,W,P
23.0,R64,P
35.0,R64,P
26.0,R64,P
15.0,R64,P
39.0,R64,P
90.0,R64,P
51.0,R64,P
36.0,R64,P
14.0,R64,P
47.0,R64,P
470.0,R64,P
40.0,R64,P
31.0,R64,P
75.0,R64,P
13.0,R64,P
48.0,R64,P
62.0,R64,P
30.0,R64,P
49.0,R64,P
44.0,R64,P
25.0,R64,P
38.0,R64,P
58.0,R64,P
78.0,R64,P
27.0,R32,P
21.0,R32,P
57.0,R32,P
42.0,R32,P
50.0,R32,P
63.0,R32,P
41.0,R32,P
29.0,R32,P
37.0,R32,P
24.0,R32,P
53.0,R32,P
5.0,R32,P
32.0,R32,P
18.0,R32,P
211.0,R32,P
1.0,R32,P
34.0,R16,P
60.0,R16,P
45.0,R16,P
6.0,R16,P
8.0,R16,P
43.0,R16,P
17.0,R16,P
22.0,R16,P
3.0,QF,P
12.0,QF,P
33.0,QF,P
68.0,QF,P
7.0,SF,P
20.0,SF,P
4.0,F,P
11.0,W,P
59.0,R64,P
27.0,R64,P
112.0,R64,P
75.0,R64,P
35.0,R64,P
42.0,R64,P
61.0,R64,P
105.0,R64,P
28.0,R64,P
67.0,R64,P
73.0,R64,P
41.0,R64,P
39.0,R64,P
47.0,R64,P
43.0,R64,P
108.0,R64,P
64.0,R32,P
51.0,R32,P
90.0,R32,P
58.0,R32,P
9.0,R32,P
56.0,R32,P
15.0,R32,P
10.0,R32,P
50.0,R32,P
31.0,R32,P
20.0,R32,P
46.0,R32,P
62.0,R32,P
26.0,R32,P
21.0,R32,P
44.0,R32,P
149.0,R16,P
16.0,R16,P
17.0,R16,P
29.0,R16,P
13.0,R16,P
38.0,R16,P
14.0,R16,P
60.0,R16,P
2.0,QF,P
23.0,QF,P
8.0,QF,P
1.0,QF,P
126.0,SF,P
7.0,SF,P
6.0,F,P
3.0,W,P
69.0,R64,P
51.0,R64,P
25.0,R64,P
22.0,R64,P
35.0,R64,P
49.0,R64,P
23.0,R64,P
36.0,R64,P
28.0,R64,P
10.0,R64,P
84.0,R64,P
20.0,R64,P
75.0,R64,P
31.0,R64,P
12.0,R64,P
21.0,R64,P
96.0,R64,P
34.0,R64,P
19.0,R64,P
65.0,R64,P
46.0,R64,P
14.0,R64,P
41.0,R64,P
50.0,R64,P
134.0,R32,P
42.0,R32,P
45.0,R32,P
27.0,R32,P
3.0,R32,P
13.0,R32,P
133.0,R32,P
30.0,R32,P
52.0,R32,P
85.0,R32,P
38.0,R32,P
80.0,R32,P
18.0,R32,P
9.0,R32,P
26.0,R32,P
64.0,R32,P
16.0,R16,P
11.0,R16,P
39.0,R16,P
4.0,R16,P
32.0,R16,P
17.0,R16,P
48.0,R16,P
82.0,R16,P
7.0,QF,P
37.0,QF,P
8.0,QF,P
5.0,QF,P
151.0,SF,P
1.0,SF,P
2.0,F,P
6.0,W,P
54.0,R32,P
751.0,R32,P
71.0,R32,P
39.0,R32,P
32.0,R32,P
146.0,R32,P
22.0,R32,P
29.0,R32,P
36.0,R32,P
23.0,R32,P
8.0,R32,P
58.0,R32,P
64.0,R32,P
74.0,R32,P
37.0,R16,P
28.0,R16,P
62.0,R16,P
46.0,R16,P
104.0,R16,P
31.0,R16,P
24.0,R16,P
45.0,R16,P
6.0,QF,P
5.0,QF,P
49.0,QF,P
43.0,QF,P
72.0,SF,P
9.0,SF,P
30.0,F,P
25.0,W,P
163.0,R32,P
53.0,R32,P
73.0,R32,P
67.0,R32,P
126.0,R32,P
26.0,R32,P
57.0,R32,P
97.0,R32,P
154.0,R32,P
32.0,R32,P
234.0,R32,P
79.0,R32,P
121.0,R16,P
198.0,R16,P
251.0,R16,P
68.0,R16,P
38.0,R16,P
133.0,R16,P
69.0,R16,P
101.0,R16,P
65.0,QF,P
48.0,QF,P
14.0,QF,P
108.0,QF,P
15.0,SF,P
42.0,SF,P
49.0,F,P
24.0,W,P
21.0,R32,P
16.0,R32,P
30.0,R32,P
32.0,R32,P
31.0,R32,P
22.0,R32,P
25.0,R32,P
42.0,R32,P
139.0,R32,P
14.0,R32,P
45.0,R32,P
29.0,R32,P
41.0,R16,P
37.0,R16,P
6.0,R16,P
12.0,R16,P
143.0,R16,P
27.0,R16,P
28.0,R16,P
46.0,R16,P
7.0,QF,P
23.0,QF,P
5.0,QF,P
48.0,QF,P
3.0,SF,P
9.0,SF,P
24.0,F,P
4.0,W,P
54.0,R64,P
71.0,R64,P
80.0,R64,P
85.0,R64,P
126.0,R64,P
73.0,R64,P
48.0,R64,P
69.0,R64,P
154.0,R64,P
82.0,R64,P
78.0,R64,P
57.0,R64,P
63.0,R64,P
205.0,R64,P
131.0,R64,P
132.0,R64,P
111.0,R64,P
116.0,R64,P
254.0,R64,P
186.0,R64,P
81.0,R64,P
76.0,R64,P
166.0,R64,P
99.0,R64,P
10.0,R32,P
118.0,R32,P
61.0,R32,P
142.0,R32,P
86.0,R32,P
202.0,R32,P
74.0,R32,P
107.0,R32,P
84.0,R32,P
24.0,R32,P
39.0,R32,P
164.0,R32,P
22.0,R32,P
50.0,R32,P
83.0,R32,P
72.0,R32,P
42.0,R16,P
18.0,R16,P
38.0,R16,P
21.0,R16,P
64.0,R16,P
95.0,R16,P
219.0,R16,P
7.0,R16,P
77.0,QF,P
12.0,QF,P
101.0,QF,P
37.0,QF,P
16.0,SF,P
14.0,SF,P
13.0,F,P
27.0,W,P
82.0,R64,P
232.0,R64,P
129.0,R64,P
11.0,R64,P
59.0,R64,P
53.0,R64,P
47.0,R64,P
114.0,R64,P
17.0,R64,P
38.0,R64,P
23.0,R64,P
49.0,R64,P
46.0,R64,P
137.0,R64,P
52.0,R64,P
55.0,R64,P
149.0,R64,P
81.0,R64,P
21.0,R64,P
229.0,R64,P
31.0,R64,P
124.0,R64,P
69.0,R64,P
98.0,R64,P
2.0,R32,P
32.0,R32,P
95.0,R32,P
20.0,R32,P
191.0,R32,P
45.0,R32,P
58.0,R32,P
70.0,R32,P
30.0,R32,P
9.0,R32,P
41.0,R32,P
4.0,R32,P
29.0,R32,P
12.0,R32,P
54.0,R32,P
28.0,R32,P
39.0,R16,P
43.0,R16,P
27.0,R16,P
10.0,R16,P
8.0,R16,P
34.0,R16,P
22.0,R16,P
14.0,R16,P
15.0,QF,P
19.0,QF,P
18.0,QF,P
6.0,QF,P
5.0,SF,P
16.0,SF,P
3.0,F,P
1.0,W,P
34.0,R64,P
49.0,R64,P
50.0,R64,P
45.0,R64,P
24.0,R64,P
27.0,R64,P
112.0,R64,P
60.0,R64,P
35.0,R64,P
32.0,R64,P
23.0,R64,P
22.0,R64,P
40.0,R64,P
47.0,R64,P
31.0,R64,P
160.0,R64,P
75.0,R64,P
81.0,R64,P
37.0,R64,P
80.0,R64,P
113.0,R64,P
520.0,R64,P
41.0,R64,P
57.0,R64,P
36.0,R32,P
51.0,R32,P
14.0,R32,P
39.0,R32,P
105.0,R32,P
20.0,R32,P
13.0,R32,P
30.0,R32,P
6.0,R32,P
25.0,R32,P
33.0,R32,P
58.0,R32,P
44.0,R32,P
29.0,R32,P
18.0,R32,P
52.0,R32,P
15.0,R16,P
5.0,R16,P
38.0,R16,P
164.0,R16,P
43.0,R16,P
3.0,R16,P
11.0,R16,P
92.0,R16,P
48.0,QF,P
7.0,QF,P
10.0,QF,P
9.0,QF,P
2.0,SF,P
1.0,SF,P
4.0,F,P
21.0,W,P
13.0,R32,P
20.0,R32,P
10.0,R32,P
56.0,R32,P
25.0,R32,P
21.0,R32,P
41.0,R32,P
155.0,R32,P
11.0,R32,P
9.0,R32,P
26.0,R32,P
14.0,R32,P
3.0,R16,P
12.0,R16,P
52.0,R16,P
193.0,R16,P
158.0,R16,P
73.0,R16,P
100.0,R16,P
18.0,R16,P
27.0,QF,P
5.0,QF,P
4.0,QF,P
1.0,QF,P
31.0,SF,P
7.0,SF,P
16.0,F,P
6.0,W,P
55.0,R32,P
34.0,R32,P
36.0,R32,P
15.0,R32,P
22.0,R32,P
32.0,R32,P
179.0,R32,P
35.0,R32,P
17.0,R32,P
139.0,R32,P
40.0,R32,P
7.0,R32,P
74.0,R32,P
86.0,R32,P
77.0,R32,P
28.0,R32,P
41.0,R16,P
45.0,R16,P
25.0,R16,P
16.0,R16,P
18.0,R16,P
56.0,R16,P
14.0,R16,P
3.0,R16,P
5.0,QF,P
13.0,QF,P
113.0,QF,P
37.0,QF,P
30.0,SF,P
24.0,SF,P
19.0,F,P
8.0,W,P
31.0,R32,P
541.0,R32,P
9.0,R32,P
101.0,R32,P
115.0,R32,P
39.0,R32,P
94.0,R32,P
47.0,R32,P
130.0,R32,P
49.0,R32,P
125.0,R32,P
170.0,R32,P
28.0,R16,P
43.0,R16,P
33.0,R16,P
14.0,R16,P
27.0,R16,P
30.0,R16,P
17.0,R16,P
2.0,R16,P
4.0,QF,P
75.0,QF,P
25.0,QF,P
63.0,QF,P
45.0,SF,P
37.0,SF,P
7.0,F,P
8.0,W,P
56.0,R64,P
58.0,R64,P
15.0,R64,P
12.0,R64,P
35.0,R64,P
29.0,R64,P
48.0,R64,P
88.0,R64,P
52.0,R64,P
9.0,R64,P
50.0,R64,P
67.0,R64,P
30.0,R64,P
19.0,R64,P
42.0,R64,P
43.0,R64,P
38.0,R64,P
78.0,R64,P
22.0,R64,P
28.0,R64,P
73.0,R64,P
26.0,R64,P
72.0,R64,P
82.0,R64,P
61.0,R32,P
32.0,R32,P
25.0,R32,P
7.0,R32,P
4.0,R32,P
100.0,R32,P
40.0,R32,P
87.0,R32,P
63.0,R32,P
11.0,R32,P
68.0,R32,P
18.0,R32,P
6.0,R32,P
10.0,R32,P
232.0,R32,P
1.0,R32,P
2.0,R16,P
33.0,R16,P
14.0,R16,P
46.0,R16,P
5.0,R16,P
3.0,R16,P
62.0,R16,P
13.0,R16,P
51.0,QF,P
47.0,QF,P
39.0,QF,P
31.0,QF,P
34.0,SF,P
17.0,SF,P
27.0,F,P
20.0,W,P
28.0,R32,P
98.0,R32,P
21.0,R32,P
42.0,R32,P
146.0,R32,P
62.0,R32,P
22.0,R32,P
50.0,R32,P
36.0,R32,P
122.0,R32,P
77.0,R32,P
49.0,R32,P
197.0,R16,P
37.0,R16,P
7.0,R16,P
147.0,R16,P
35.0,R16,P
26.0,R16,P
38.0,R16,P
235.0,R16,P
6.0,QF,P
450.0,QF,P
52.0,QF,P
1.0,QF,P
12.0,SF,P
23.0,SF,P
10.0,F,P
29.0,W,P
31.0,R32,P
86.0,R32,P
15.0,R32,P
9.0,R32,P
20.0,R32,P
30.0,R32,P
13.0,R32,P
11.0,R32,P
75.0,R32,P
24.0,R32,P
7.0,R32,P
48.0,R32,P
165.0,R32,P
111.0,R32,P
5.0,R16,P
17.0,R16,P
56.0,R16,P
29.0,R16,P
341.0,R16,P
33.0,R16,P
42.0,R16,P
32.0,R16,P
26.0,QF,P
28.0,QF,P
21.0,QF,P
3.0,QF,P
100.0,SF,P
25.0,SF,P
19.0,F,P
22.0,W,P
60.0,R64,P
191.0,R64,P
30.0,R64,P
16.0,R64,P
62.0,R64,P
255.0,R64,P
37.0,R64,P
43.0,R64,P
69.0,R64,P
54.0,R64,P
35.0,R64,P
15.0,R64,P
33.0,R64,P
45.0,R64,P
19.0,R64,P
18.0,R64,P
271.0,R64,P
85.0,R64,P
75.0,R64,P
270.0,R64,P
25.0,R64,P
29.0,R64,P
23.0,R64,P
84.0,R64,P
49.0,R32,P
46.0,R32,P
39.0,R32,P
44.0,R32,P
36.0,R32,P
47.0,R32,P
41.0,R32,P
5.0,R32,P
27.0,R32,P
50.0,R32,P
34.0,R32,P
3.0,R32,P
38.0,R32,P
59.0,R32,P
52.0,R32,P
21.0,R32,P
20.0,R16,P
9.0,R16,P
13.0,R16,P
42.0,R16,P
22.0,R16,P
24.0,R16,P
10.0,R16,P
14.0,R16,P
2.0,QF,P
12.0,QF,P
6.0,QF,P
7.0,QF,P
26.0,SF,P
40.0,SF,P
1.0,F,P
4.0,W,P
153.0,R32,P
53.0,R32,P
39.0,R32,P
61.0,R32,P
146.0,R32,P
94.0,R32,P
16.0,R32,P
115.0,R32,P
25.0,R32,P
26.0,R32,P
109.0,R32,P
46.0,R32,P
5.0,R16,P
48.0,R16,P
8.0,R16,P
42.0,R16,P
38.0,R16,P
10.0,R16,P
43.0,R16,P
170.0,R16,P
161.0,QF,P
21.0,QF,P
31.0,QF,P
40.0,QF,P
11.0,SF,P
44.0,SF,P
101.0,F,P
14.0,W,P
47.0,R64,P
55.0,R64,P
36.0,R64,P
82.0,R64,P
42.0,R64,P
37.0,R64,P
38.0,R64,P
101.0,R64,P
86.0,R64,P
78.0,R64,P
207.0,R64,P
35.0,R64,P
88.0,R64,P
106.0,R64,P
825.0,R64,P
33.0,R64,P
29.0,R32,P
54.0,R32,P
57.0,R32,P
13.0,R32,P
89.0,R32,P
25.0,R32,P
20.0,R32,P
44.0,R32,P
46.0,R32,P
181.0,R32,P
26.0,R32,P
32.0,R32,P
60.0,R32,P
19.0,R32,P
39.0,R32,P
56.0,R32,P
23.0,R16,P
15.0,R16,P
8.0,R16,P
28.0,R16,P
21.0,R16,P
43.0,R16,P
52.0,R16,P
22.0,R16,P
7.0,QF,P
12.0,QF,P
14.0,QF,P
17.0,QF,P
31.0,SF,P
11.0,SF,P
45.0,F,P
2.0,W,P
93.0,R32,P
24.0,R32,P
17.0,R32,P
40.0,R32,P
31.0,R32,P
153.0,R32,P
19.0,R32,P
11.0,R32,P
75.0,R32,P
46.0,R32,P
8.0,R32,P
41.0,R32,P
65.0,R32,P
49.0,R32,P
60.0,R16,P
42.0,R16,P
44.0,R16,P
118.0,R16,P
34.0,R16,P
32.0,R16,P
37.0,R16,P
2.0,R16,P
99.0,QF,P
9.0,QF,P
38.0,QF,P
53.0,QF,P
4.0,SF,P
16.0,SF,P
88.0,F,P
6.0,W,P
91.0,R32,P
50.0,R32,P
71.0,R32,P
42.0,R32,P
244.0,R32,P
89.0,R32,P
36.0,R32,P
107.0,R32,P
77.0,R32,P
47.0,R32,P
126.0,R32,P
58.0,R32,P
636.0,R16,P
674.0,R16,P
20.0,R16,P
38.0,R16,P
33.0,R16,P
78.0,R16,P
265.0,R16,P
40.0,R16,P
29.0,QF,P
178.0,QF,P
23.0,QF,P
7.0,QF,P
25.0,SF,P
30.0,SF,P
10.0,F,P
55.0,W,P
36.0,R64,P
22.0,R64,P
32.0,R64,P
178.0,R64,P
29.0,R64,P
86.0,R64,P
93.0,R64,P
99.0,R64,P
15.0,R64,P
11.0,R64,P
70.0,R64,P
94.0,R64,P
125.0,R64,P
361.0,R64,P
88.0,R64,P
16.0,R64,P
43.0,R64,P
60.0,R64,P
25.0,R64,P
40.0,R64,P
34.0,R64,P
21.0,R64,P
48.0,R64,P
406.0,R64,P
44.0,R32,P
20.0,R32,P
13.0,R32,P
8.0,R32,P
30.0,R32,P
52.0,R32,P
33.0,R32,P
85.0,R32,P
118.0,R32,P
83.0,R32,P
107.0,R32,P
79.0,R32,P
56.0,R32,P
41.0,R32,P
39.0,R32,P
1.0,R32,P
117.0,R16,P
37.0,R16,P
51.0,R16,P
7.0,R16,P
9.0,R16,P
23.0,R16,P
19.0,R16,P
67.0,R16,P
46.0,QF,P
5.0,QF,P
2.0,QF,P
26.0,QF,P
31.0,SF,P
6.0,SF,P
4.0,F,P
45.0,W,P
nan,R64,P
141.0,R64,P
144.0,R64,P
182.0,R64,P
123.0,R64,P
565.0,R64,P
139.0,R64,P
64.0,R64,P
74.0,R64,P
205.0,R64,P
54.0,R64,P
142.0,R64,P
80.0,R64,P
167.0,R64,P
97.0,R64,P
299.0,R64,P
209.0,R64,P
93.0,R64,P
112.0,R64,P
68.0,R64,P
88.0,R64,P
85.0,R64,P
674.0,R64,P
126.0,R64,P
159.0,R32,P
72.0,R32,P
184.0,R32,P
104.0,R32,P
12.0,R32,P
103.0,R32,P
146.0,R32,P
15.0,R32,P
17.0,R32,P
147.0,R32,P
36.0,R32,P
99.0,R32,P
59.0,R32,P
nan,R32,P
65.0,R32,P
78.0,R32,P
6.0,R16,P
30.0,R16,P
81.0,R16,P
83.0,R16,P
82.0,R16,P
10.0,R16,P
31.0,R16,P
39.0,R16,P
50.0,QF,P
21.0,QF,P
34.0,QF,P
8.0,QF,P
53.0,SF,P
63.0,SF,P
13.0,F,P
18.0,W,P
38.0,R64,P
45.0,R64,P
42.0,R64,P
11.0,R64,P
88.0,R64,P
46.0,R64,P
50.0,R64,P
122.0,R64,P
17.0,R64,P
9.0,R64,P
22.0,R64,P
260.0,R64,P
21.0,R64,P
112.0,R64,P
13.0,R64,P
81.0,R64,P
56.0,R64,P
32.0,R64,P
36.0,R64,P
54.0,R64,P
75.0,R64,P
14.0,R64,P
52.0,R64,P
30.0,R64,P
74.0,R32,P
18.0,R32,P
35.0,R32,P
20.0,R32,P
76.0,R32,P
24.0,R32,P
44.0,R32,P
8.0,R32,P
152.0,R32,P
40.0,R32,P
26.0,R32,P
37.0,R32,P
41.0,R32,P
25.0,R32,P
39.0,R32,P
1.0,R32,P
65.0,R16,P
48.0,R16,P
198.0,R16,P
82.0,R16,P
5.0,R16,P
19.0,R16,P
12.0,R16,P
33.0,R16,P
2.0,QF,P
4.0,QF,P
3.0,QF,P
7.0,QF,P
91.0,SF,P
29.0,SF,P
10.0,F,P
27.0,W,P
44.0,R32,P
56.0,R32,P
28.0,R32,P
108.0,R32,P
406.0,R32,P
12.0,R32,P
73.0,R32,P
33.0,R32,P
29.0,R32,P
41.0,R32,P
88.0,R32,P
94.0,R32,P
90.0,R16,P
26.0,R16,P
20.0,R16,P
95.0,R16,P
31.0,R16,P
22.0,R16,P
52.0,R16,P
24.0,R16,P
8.0,QF,P
49.0,QF,P
132.0,QF,P
16.0,QF,P
6.0,SF,P
7.0,SF,P
3.0,F,P
21.0,W,P
75.0,R32,P
108.0,R32,P
681.0,R32,P
33.0,R32,P
26.0,R32,P
29.0,R32,P
21.0,R32,P
17.0,R32,P
84.0,R32,P
169.0,R32,P
18.0,R32,P
16.0,R32,P
71.0,R16,P
20.0,R16,P
192.0,R16,P
99.0,R16,P
34.0,R16,P
4.0,R16,P
22.0,R16,P
24.0,R16,P
5.0,QF,P
13.0,QF,P
61.0,QF,P
25.0,QF,P
7.0,SF,P
1.0,SF,P
15.0,F,P
3.0,W,P
22.0,R32,P
32.0,R32,P
36.0,R32,P
99.0,R32,P
42.0,R32,P
190.0,R32,P
122.0,R32,P
10.0,R32,P
20.0,R32,P
65.0,R32,P
50.0,R32,P
7.0,R32,P
35.0,R32,P
48.0,R32,P
157.0,R32,P
33.0,R32,P
66.0,R16,P
15.0,R16,P
3.0,R16,P
28.0,R16,P
18.0,R16,P
62.0,R16,P
76.0,R16,P
1.0,R16,P
55.0,QF,P
112.0,QF,P
37.0,QF,P
43.0,QF,P
51.0,SF,P
25.0,SF,P
19.0,F,P
2.0,W,P
92.0,R64,P
49.0,R64,P
19.0,R64,P
31.0,R64,P
62.0,R64,P
76.0,R64,P
102.0,R64,P
38.0,R64,P
18.0,R64,P
12.0,R64,P
77.0,R64,P
67.0,R64,P
70.0,R64,P
59.0,R64,P
51.0,R64,P
23.0,R64,P
108.0,R64,P
136.0,R64,P
39.0,R64,P
44.0,R64,P
64.0,R64,P
36.0,R64,P
41.0,R64,P
43.0,R64,P
29.0,R32,P
104.0,R32,P
48.0,R32,P
52.0,R32,P
26.0,R32,P
32.0,R32,P
71.0,R32,P
58.0,R32,P
81.0,R32,P
33.0,R32,P
54.0,R32,P
34.0,R32,P
10.0,R32,P
53.0,R32,P
24.0,R32,P
30.0,R32,P
2.0,R16,P
15.0,R16,P
69.0,R16,P
16.0,R16,P
8.0,R16,P
6.0,R16,P
45.0,R16,P
17.0,R16,P
27.0,QF,P
3.0,QF,P
50.0,QF,P
22.0,QF,P
7.0,SF,P
1.0,SF,P
35.0,F,P
14.0,W,P
38.0,R32,P
50.0,R32,P
44.0,R32,P
55.0,R32,P
41.0,R32,P
88.0,R32,P
37.0,R32,P
61.0,R32,P
46.0,R32,P
112.0,R32,P
111.0,R32,P
81.0,R32,P
148.0,R16,P
22.0,R16,P
52.0,R16,P
181.0,R16,P
16.0,R16,P
29.0,R16,P
108.0,R16,P
51.0,R16,P
32.0,QF,P
78.0,QF,P
12.0,QF,P
2.0,QF,P
10.0,SF,P
97.0,SF,P
30.0,F,P
8.0,W,P
67.0,R32,P
323.0,R32,P
133.0,R32,P
246.0,R32,P
638.0,R32,P
124.0,R32,P
15.0,R32,P
155.0,R32,P
168.0,R32,P
157.0,R32,P
185.0,R32,P
650.0,R32,P
36.0,R16,P
31.0,R16,P
75.0,R16,P
61.0,R16,P
34.0,R16,P
8.0,R16,P
59.0,R16,P
53.0,R16,P
3.0,QF,P
13.0,QF,P
38.0,QF,P
20.0,QF,P
49.0,SF,P
46.0,SF,P
23.0,F,P
2.0,W,P
45.0,R32,P
35.0,R32,P
11.0,R32,P
13.0,R32,P
26.0,R32,P
71.0,R32,P
10.0,R32,P
69.0,R32,P
23.0,R32,P
34.0,R32,P
72.0,R32,P
36.0,R32,P
53.0,R32,P
22.0,R32,P
27.0,R16,P
28.0,R16,P
73.0,R16,P
161.0,R16,P
18.0,R16,P
5.0,R16,P
20.0,R16,P
1.0,R16,P
2.0,QF,P
192.0,QF,P
44.0,QF,P
12.0,QF,P
33.0,SF,P
9.0,SF,P
15.0,F,P
8.0,W,P
26.0,R64,P
36.0,R64,P
85.0,R64,P
13.0,R64,P
22.0,R64,P
284.0,R64,P
70.0,R64,P
210.0,R64,P
71.0,R64,P
12.0,R64,P
46.0,R64,P
48.0,R64,P
52.0,R64,P
20.0,R64,P
64.0,R64,P
17.0,R64,P
113.0,R64,P
40.0,R64,P
779.0,R64,P
41.0,R64,P
10.0,R64,P
25.0,R64,P
27.0,R64,P
32.0,R64,P
38.0,R32,P
16.0,R32,P
15.0,R32,P
43.0,R32,P
47.0,R32,P
14.0,R32,P
30.0,R32,P
6.0,R32,P
8.0,R32,P
11.0,R32,P
45.0,R32,P
2.0,R32,P
54.0,R32,P
53.0,R32,P
18.0,R32,P
33.0,R32,P
5.0,R16,P
9.0,R16,P
37.0,R16,P
19.0,R16,P
50.0,R16,P
21.0,R16,P
31.0,R16,P
29.0,R16,P
63.0,QF,P
51.0,QF,P
44.0,QF,P
1.0,QF,P
39.0,SF,P
4.0,SF,P
42.0,F,P
7.0,W,P
38.0,R64,P
53.0,R64,P
43.0,R64,P
58.0,R64,P
49.0,R64,P
47.0,R64,P
34.0,R64,P
99.0,R64,P
170.0,R64,P
81.0,R64,P
30.0,R64,P
31.0,R64,P
41.0,R64,P
50.0,R64,P
75.0,R64,P
89.0,R64,P
37.0,R64,P
28.0,R64,P
122.0,R64,P
207.0,R64,P
83.0,R64,P
36.0,R64,P
74.0,R64,P
73.0,R64,P
61.0,R32,P
16.0,R32,P
13.0,R32,P
9.0,R32,P
39.0,R32,P
20.0,R32,P
70.0,R32,P
59.0,R32,P
29.0,R32,P
82.0,R32,P
33.0,R32,P
132.0,R32,P
8.0,R32,P
78.0,R32,P
32.0,R32,P
98.0,R32,P
21.0,R16,P
35.0,R16,P
356.0,R16,P
14.0,R16,P
60.0,R16,P
66.0,R16,P
51.0,R16,P
19.0,R16,P
52.0,QF,P
10.0,QF,P
7.0,QF,P
55.0,QF,P
4.0,SF,P
62.0,SF,P
5.0,F,P
3.0,W,P
43.0,R32,P
157.0,R32,P
35.0,R32,P
36.0,R32,P
23.0,R32,P
24.0,R32,P
10.0,R32,P
44.0,R32,P
74.0,R32,P
31.0,R32,P
6.0,R32,P
12.0,R32,P
48.0,R32,P
93.0,R32,P
247.0,R16,P
149.0,R16,P
7.0,R16,P
283.0,R16,P
139.0,R16,P
37.0,R16,P
9.0,R16,P
4.0,R16,P
11.0,QF,P
20.0,QF,P
46.0,QF,P
30.0,QF,P
5.0,SF,P
34.0,SF,P
27.0,F,P
8.0,W,P
99.0,R64,P
61.0,R64,P
17.0,R64,P
56.0,R64,P
28.0,R64,P
121.0,R64,P
29.0,R64,P
31.0,R64,P
27.0,R64,P
12.0,R64,P
38.0,R64,P
69.0,R64,P
75.0,R64,P
19.0,R64,P
11.0,R64,P
15.0,R64,P
66.0,R64,P
44.0,R64,P
51.0,R64,P
49.0,R64,P
21.0,R64,P
13.0,R64,P
25.0,R64,P
37.0,R64,P
47.0,R32,P
70.0,R32,P
80.0,R32,P
23.0,R32,P
43.0,R32,P
41.0,R32,P
40.0,R32,P
5.0,R32,P
42.0,R32,P
32.0,R32,P
57.0,R32,P
52.0,R32,P
6.0,R32,P
39.0,R32,P
55.0,R32,P
97.0,R32,P
30.0,R16,P
7.0,R16,P
4.0,R16,P
26.0,R16,P
10.0,R16,P
74.0,R16,P
9.0,R16,P
20.0,R16,P
1.0,QF,P
65.0,QF,P
3.0,QF,P
33.0,QF,P
22.0,SF,P
2.0,SF,P
153.0,F,P
18.0,W,P
13.0,F,P
2.0,W,P
7.0,SF,P
4.0,SF,P
53.0,QF,P
27.0,QF,P
9.0,QF,P
19.0,QF,P
1.0,R16,P
129.0,R16,P
32.0,R16,P
98.0,R16,P
26.0,R16,P
14.0,R16,P
31.0,R16,P
54.0,R16,P
147.0,R32,P
24.0,R32,P
29.0,R32,P
5.0,R32,P
20.0,R32,P
18.0,R32,P
60.0,R32,P
22.0,R32,P
33.0,R32,P
30.0,R32,P
23.0,R32,P
12.0,R32,P
21.0,R32,P
122.0,R32,P
24.0,F,P
1.0,W,P
27.0,SF,P
12.0,SF,P
16.0,QF,P
7.0,QF,P
20.0,QF,P
4.0,QF,P
31.0,R16,P
201.0,R16,P
38.0,R16,P
15.0,R16,P
23.0,R16,P
18.0,R16,P
70.0,R16,P
52.0,R16,P
29.0,R32,P
25.0,R32,P
83.0,R32,P
68.0,R32,P
139.0,R32,P
99.0,R32,P
78.0,R32,P
87.0,R32,P
32.0,R32,P
86.0,R32,P
28.0,R32,P
36.0,R32,P
33.0,R32,P
37.0,R32,P
25.0,F,P
8.0,W,P
21.0,SF,P
28.0,SF,P
5.0,QF,P
159.0,QF,P
11.0,QF,P
101.0,QF,P
49.0,R16,P
61.0,R16,P
14.0,R16,P
58.0,R16,P
23.0,R16,P
47.0,R16,P
57.0,R16,P
38.0,R16,P
52.0,R32,P
40.0,R32,P
89.0,R32,P
65.0,R32,P
46.0,R32,P
59.0,R32,P
97.0,R32,P
71.0,R32,P
37.0,R32,P
17.0,R32,P
115.0,R32,P
34.0,R32,P
19.0,F,P
2.0,W,P
52.0,SF,P
15.0,SF,P
13.0,QF,P
16.0,QF,P
24.0,QF,P
3.0,QF,P
45.0,R16,P
22.0,R16,P
17.0,R16,P
39.0,R16,P
35.0,R16,P
31.0,R16,P
58.0,R16,P
38.0,R16,P
18.0,R32,P
28.0,R32,P
21.0,R32,P
6.0,R32,P
41.0,R32,P
26.0,R32,P
nan,R32,P
40.0,R32,P
29.0,R32,P
70.0,R32,P
4.0,R32,P
7.0,R32,P
27.0,R32,P
114.0,R32,P
11.0,F,P
13.0,W,P
1.0,SF,P
46.0,SF,P
16.0,QF,P
44.0,QF,P
9.0,QF,P
37.0,QF,P
17.0,R16,P
25.0,R16,P
3.0,R16,P
41.0,R16,P
29.0,R16,P
32.0,R16,P
6.0,R16,P
20.0,R16,P
68.0,R32,P
62.0,R32,P
54.0,R32,P
5.0,R32,P
63.0,R32,P
45.0,R32,P
34.0,R32,P
70.0,R32,P
7.0,R32,P
50.0,R32,P
23.0,R32,P
38.0,R32,P
27.0,R32,P
424.0,R32,P
157.0,R32,P
22.0,R32,P
nan,R64,P
42.0,R64,P
72.0,R64,P
73.0,R64,P
130.0,R64,P
78.0,R64,P
47.0,R64,P
55.0,R64,P
19.0,R64,P
14.0,R64,P
66.0,R64,P
31.0,R64,P
26.0,R64,P
172.0,R64,P
24.0,R64,P
28.0,R64,P
98.0,R64,P
39.0,R64,P
33.0,R64,P
53.0,R64,P
18.0,R64,P
36.0,R64,P
89.0,R64,P
40.0,R64,P
10.0,F,P
59.0,W,P
22.0,SF,P
15.0,SF,P
83.0,QF,P
20.0,QF,P
21.0,QF,P
39.0,QF,P
41.0,R16,P
11.0,R16,P
25.0,R16,P
48.0,R16,P
270.0,R16,P
9.0,R16,P
90.0,R16,P
60.0,R16,P
3.0,R32,P
43.0,R32,P
28.0,R32,P
249.0,R32,P
26.0,R32,P
61.0,R32,P
54.0,R32,P
12.0,R32,P
79.0,R32,P
67.0,R32,P
33.0,R32,P
72.0,R32,P
13.0,R32,P
27.0,R32,P
49.0,R32,P
4.0,R32,P
57.0,R64,P
44.0,R64,P
46.0,R64,P
19.0,R64,P
40.0,R64,P
118.0,R64,P
133.0,R64,P
52.0,R64,P
65.0,R64,P
68.0,R64,P
53.0,R64,P
117.0,R64,P
55.0,R64,P
35.0,R64,P
18.0,R64,P
50.0,R64,P
36.0,R64,P
58.0,R64,P
111.0,R64,P
51.0,R64,P
17.0,R64,P
24.0,R64,P
37.0,R64,P
124.0,R64,P
4.0,F,P
2.0,W,P
17.0,SF,P
19.0,SF,P
30.0,QF,P
14.0,QF,P
6.0,QF,P
20.0,QF,P
29.0,R16,P
18.0,R16,P
74.0,R16,P
13.0,R16,P
50.0,R16,P
38.0,R16,P
86.0,R16,P
65.0,R16,P
99.0,R32,P
27.0,R32,P
47.0,R32,P
16.0,R32,P
5.0,R32,P
61.0,R32,P
53.0,R32,P
77.0,R32,P
8.0,R32,P
71.0,R32,P
21.0,R32,P
36.0,R32,P
10.0,R32,P
35.0,R32,P
107.0,R32,P
37.0,R32,P
46.0,R64,P
69.0,R64,P
28.0,R64,P
31.0,R64,P
63.0,R64,P
49.0,R64,P
70.0,R64,P
181.0,R64,P
22.0,R64,P
33.0,R64,P
34.0,R64,P
128.0,R64,P
102.0,R64,P
52.0,R64,P
80.0,R64,P
45.0,R64,P
60.0,R64,P
40.0,R64,P
41.0,R64,P
43.0,R64,P
62.0,R64,P
23.0,R64,P
54.0,R64,P
42.0,R64,P
14.0,F,P
12.0,W,P
23.0,SF,P
26.0,SF,P
32.0,QF,P
21.0,QF,P
73.0,QF,P
47.0,QF,P
5.0,R16,P
44.0,R16,P
85.0,R16,P
28.0,R16,P
22.0,R16,P
55.0,R16,P
75.0,R16,P
6.0,R16,P
68.0,R32,P
37.0,R32,P
18.0,R32,P
121.0,R32,P
35.0,R32,P
30.0,R32,P
33.0,R32,P
40.0,R32,P
65.0,R32,P
19.0,R32,P
29.0,R32,P
31.0,R32,P
22.0,SF,P
99.0,SF,P
4.0,QF,P
19.0,QF,P
66.0,QF,P
5.0,QF,P
28.0,R16,P
15.0,R16,P
31.0,R16,P
72.0,R16,P
87.0,R16,P
292.0,R16,P
70.0,R16,P
33.0,R16,P
86.0,R32,P
65.0,R32,P
48.0,R32,P
90.0,R32,P
68.0,R32,P
285.0,R32,P
27.0,R32,P
123.0,R32,P
67.0,R32,P
88.0,R32,P
62.0,R32,P
6.0,R32,P
53.0,R32,P
318.0,R32,P
58.0,R32,P
164.0,R32,P
789.0,R64,P
51.0,R64,P
255.0,R64,P
85.0,R64,P
101.0,R64,P
260.0,R64,P
275.0,R64,P
50.0,R64,P
49.0,R64,P
91.0,R64,P
95.0,R64,P
38.0,R64,P
77.0,R64,P
34.0,R64,P
74.0,R64,P
394.0,R64,P
21.0,R64,P
495.0,R64,P
96.0,R64,P
24.0,R64,P
32.0,R64,P
47.0,R64,P
229.0,R64,P
278.0,R64,P
269.0,R64,P
54.0,R64,P
nan,R64,P
23.0,R64,P
80.0,R64,P
263.0,R64,P
289.0,R64,P
63.0,R64,P
46.0,F,P
10.0,W,P
33.0,SF,P
3.0,SF,P
2.0,QF,P
27.0,QF,P
5.0,QF,P
79.0,QF,P
51.0,R16,P
17.0,R16,P
71.0,R16,P
97.0,R16,P
44.0,R16,P
45.0,R16,P
14.0,R16,P
371.0,R16,P
101.0,R32,P
218.0,R32,P
136.0,R32,P
104.0,R32,P
7.0,R32,P
49.0,R32,P
34.0,R32,P
182.0,R32,P
115.0,R32,P
77.0,R32,P
102.0,R32,P
63.0,R32,P
90.0,R32,P
48.0,R32,P
53.0,R32,P
163.0,R64,P
187.0,R64,P
145.0,R64,P
227.0,R64,P
96.0,R64,P
129.0,R64,P
138.0,R64,P
125.0,R64,P
316.0,R64,P
181.0,R64,P
56.0,R64,P
169.0,R64,P
131.0,R64,P
88.0,R64,P
86.0,R64,P
nan,R64,P
148.0,R64,P
42.0,R64,P
57.0,R64,P
114.0,R64,P
69.0,R64,P
94.0,F,P
20.0,W,P
11.0,SF,P
21.0,SF,P
60.0,QF,P
46.0,QF,P
47.0,QF,P
4.0,QF,P
52.0,R16,P
18.0,R16,P
6.0,R16,P
137.0,R16,P
156.0,R16,P
9.0,R16,P
39.0,R16,P
64.0,R16,P
93.0,R32,P
103.0,R32,P
55.0,R32,P
299.0,R32,P
132.0,R32,P
100.0,R32,P
32.0,R32,P
452.0,R32,P
95.0,R32,P
152.0,R32,P
110.0,R32,P
80.0,R32,P
65.0,R32,P
54.0,R32,P
233.0,R32,P
76.0,R32,P
158.0,R64,P
180.0,R64,P
112.0,R64,P
43.0,R64,P
130.0,R64,P
nan,R64,P
92.0,R64,P
128.0,R64,P
123.0,R64,P
127.0,R64,P
98.0,R64,P
140.0,R64,P
70.0,R64,P
245.0,R64,P
183.0,R64,P
74.0,R64,P
68.0,R64,P
83.0,R64,P
84.0,R64,P
50.0,R64,P
747.0,R64,P
238.0,R64,P
15.0,F,P
1.0,W,P
22.0,SF,P
24.0,SF,P
25.0,QF,P
13.0,QF,P
66.0,QF,P
72.0,QF,P
89.0,R16,P
30.0,R16,P
28.0,R16,P
339.0,R16,P
78.0,R16,P
19.0,R16,P
36.0,R16,P
12.0,R16,P
40.0,R32,P
61.0,R32,P
59.0,R32,P
191.0,R32,P
38.0,R32,P
82.0,R32,P
37.0,R32,P
493.0,R32,P
75.0,R32,P
237.0,R32,P
58.0,R32,P
nan,R32,P
12.0,F,P
18.0,W,P
61.0,SF,P
52.0,SF,P
37.0,QF,P
56.0,QF,P
53.0,QF,P
292.0,QF,P
1.0,R16,P
136.0,R16,P
85.0,R16,P
35.0,R16,P
21.0,R16,P
16.0,R16,P
28.0,R16,P
86.0,R16,P
47.0,R32,P
107.0,R32,P
81.0,R32,P
46.0,R32,P
51.0,R32,P
642.0,R32,P
117.0,R32,P
99.0,R32,P
34.0,R32,P
54.0,R32,P
74.0,R32,P
69.0,R32,P
16.0,F,P
10.0,W,P
14.0,SF,P
44.0,SF,P
5.0,QF,P
25.0,QF,P
24.0,QF,P
6.0,QF,P
83.0,R16,P
56.0,R16,P
8.0,R16,P
19.0,R16,P
26.0,R16,P
41.0,R16,P
51.0,R16,P
31.0,R16,P
48.0,R32,P
23.0,R32,P
39.0,R32,P
34.0,R32,P
114.0,R32,P
12.0,R32,P
13.0,R32,P
179.0,R32,P
75.0,R32,P
11.0,R32,P
35.0,R32,P
69.0,R32,P
63.0,F,P
16.0,W,P
54.0,SF,P
18.0,SF,P
88.0,QF,P
40.0,QF,P
8.0,QF,P
36.0,QF,P
41.0,R16,P
12.0,R16,P
31.0,R16,P
125.0,R16,P
15.0,R16,P
24.0,R16,P
47.0,R16,P
6.0,R16,P
5.0,R32,P
51.0,R32,P
19.0,R32,P
34.0,R32,P
10.0,R32,P
23.0,R32,P
20.0,R32,P
11.0,R32,P
77.0,R32,P
32.0,R32,P
67.0,R32,P
59.0,R32,P
90.0,R32,P
49.0,R32,P
53.0,R32,P
55.0,R32,P
35.0,R64,P
61.0,R64,P
25.0,R64,P
239.0,R64,P
56.0,R64,P
43.0,R64,P
128.0,R64,P
68.0,R64,P
48.0,R64,P
101.0,R64,P
33.0,R64,P
75.0,R64,P
57.0,R64,P
401.0,R64,P
73.0,R64,P
106.0,R64,P
142.0,R64,P
58.0,R64,P
26.0,R64,P
62.0,R64,P
140.0,R64,P
21.0,R64,P
827.0,R64,P
65.0,R64,P
126.0,F,P
61.0,W,P
145.0,SF,P
39.0,SF,P
34.0,QF,P
241.0,QF,P
160.0,QF,P
36.0,QF,P
107.0,R16,P
69.0,R16,P
43.0,R16,P
45.0,R16,P
53.0,R16,P
159.0,R16,P
97.0,R16,P
150.0,R16,P
124.0,R32,P
92.0,R32,P
55.0,R32,P
172.0,R32,P
125.0,R32,P
181.0,R32,P
70.0,R32,P
281.0,R32,P
142.0,R32,P
96.0,R32,P
99.0,R32,P
403.0,R32,P
9.0,F,P
1.0,W,P
5.0,SF,P
25.0,SF,P
8.0,QF,P
57.0,QF,P
58.0,QF,P
2.0,QF,P
15.0,R16,P
20.0,R16,P
338.0,R16,P
10.0,R16,P
13.0,R16,P
30.0,R16,P
33.0,R16,P
17.0,R16,P
54.0,R32,P
26.0,R32,P
12.0,R32,P
37.0,R32,P
3.0,R32,P
16.0,R32,P
18.0,R32,P
34.0,R32,P
32.0,R32,P
115.0,R32,P
23.0,R32,P
4.0,R32,P
6.0,R32,P
126.0,R32,P
24.0,R32,P
95.0,R32,P
149.0,R64,P
94.0,R64,P
147.0,R64,P
59.0,R64,P
89.0,R64,P
38.0,R64,P
40.0,R64,P
131.0,R64,P
51.0,R64,P
36.0,R64,P
19.0,R64,P
39.0,R64,P
61.0,R64,P
50.0,R64,P
48.0,R64,P
52.0,R64,P
105.0,R64,P
49.0,R64,P
21.0,R64,P
150.0,R64,P
14.0,R64,P
64.0,R64,P
71.0,R64,P
107.0,R64,P
53.0,R64,P
203.0,R64,P
84.0,R64,P
11.0,R64,P
319.0,R64,P
66.0,R64,P
28.0,R64,P
77.0,R64,P
236.0,R128,P
135.0,R128,P
83.0,R128,P
90.0,R128,P
79.0,R128,P
109.0,R128,P
56.0,R128,P
85.0,R128,P
137.0,R128,P
160.0,R128,P
70.0,R128,P
73.0,R128,P
35.0,R128,P
368.0,R128,P
124.0,R128,P
82.0,R128,P
822.0,R128,P
120.0,R128,P
74.0,R128,P
62.0,R128,P
68.0,R128,P
80.0,R128,P
41.0,R128,P
43.0,R128,P
44.0,R128,P
113.0,R128,P
47.0,R128,P
86.0,R128,P
78.0,R128,P
443.0,R128,P
65.0,R128,P
75.0,R128,P
91.0,F,P
38.0,W,P
71.0,SF,P
28.0,SF,P
1.0,QF,P
57.0,QF,P
31.0,QF,P
36.0,QF,P
52.0,R16,P
118.0,R16,P
162.0,R16,P
78.0,R16,P
13.0,R16,P
11.0,R16,P
59.0,R16,P
79.0,R16,P
77.0,R32,P
33.0,R32,P
47.0,R32,P
12.0,R32,P
168.0,R32,P
481.0,R32,P
56.0,R32,P
24.0,R32,P
159.0,R32,P
88.0,R32,P
72.0,R32,P
187.0,R32,P
17.0,R32,P
216.0,R32,P
110.0,R32,P
4.0,R32,P
738.0,R64,P
55.0,R64,P
51.0,R64,P
23.0,R64,P
75.0,R64,P
96.0,R64,P
152.0,R64,P
141.0,R64,P
nan,R64,P
106.0,R64,P
89.0,R64,P
147.0,R64,P
217.0,R64,P
151.0,R64,P
149.0,R64,P
41.0,R64,P
214.0,R64,P
209.0,R64,P
70.0,R64,P
155.0,R64,P
99.0,R64,P
113.0,R64,P
86.0,R64,P
81.0,R64,P
7.0,F,P
1.0,W,P
5.0,SF,P
3.0,SF,P
9.0,QF,P
10.0,QF,P
27.0,QF,P
34.0,QF,P
58.0,R16,P
52.0,R16,P
26.0,R16,P
19.0,R16,P
125.0,R16,P
4.0,R16,P
12.0,R16,P
20.0,R16,P
186.0,R32,P
129.0,R32,P
137.0,R32,P
215.0,R32,P
103.0,R32,P
14.0,R32,P
40.0,R32,P
271.0,R32,P
nan,R32,P
928.0,R32,P
22.0,R32,P
56.0,R32,P
1.0,F,P
7.0,W,P
62.0,SF,P
41.0,SF,P
12.0,QF,P
11.0,QF,P
16.0,QF,P
20.0,QF,P
17.0,R16,P
28.0,R16,P
54.0,R16,P
25.0,R16,P
33.0,R16,P
3.0,R16,P
14.0,R16,P
19.0,R16,P
80.0,R32,P
59.0,R32,P
26.0,R32,P
10.0,R32,P
40.0,R32,P
18.0,R32,P
51.0,R32,P
70.0,R32,P
37.0,R32,P
15.0,R32,P
22.0,R32,P
57.0,R32,P
9.0,R32,P
50.0,R32,P
29.0,R32,P
2.0,R32,P
43.0,R64,P
65.0,R64,P
137.0,R64,P
27.0,R64,P
56.0,R64,P
21.0,R64,P
nan,R64,P
901.0,R64,P
5.0,R64,P
39.0,R64,P
102.0,R64,P
30.0,R64,P
63.0,R64,P
725.0,R64,P
24.0,R64,P
55.0,R64,P
114.0,R64,P
75.0,R64,P
58.0,R64,P
32.0,R64,P
44.0,R64,P
78.0,R64,P
48.0,R64,P
46.0,R64,P
35.0,R64,P
23.0,R64,P
73.0,R64,P
91.0,R64,P
38.0,R64,P
88.0,R64,P
47.0,R64,P
79.0,R64,P
12.0,F,P
106.0,W,P
16.0,SF,P
63.0,SF,P
28.0,QF,P
26.0,QF,P
13.0,QF,P
34.0,QF,P
4.0,R16,P
32.0,R16,P
10.0,R16,P
27.0,R16,P
21.0,R16,P
7.0,R16,P
25.0,R16,P
6.0,R16,P
149.0,R32,P
41.0,R32,P
22.0,R32,P
166.0,R32,P
81.0,R32,P
129.0,R32,P
45.0,R32,P
46.0,R32,P
79.0,R32,P
167.0,R32,P
199.0,R32,P
108.0,R32,P
3.0,SF,P
30.0,SF,P
15.0,QF,P
48.0,QF,P
24.0,QF,P
22.0,QF,P
220.0,R16,P
18.0,R16,P
86.0,R16,P
55.0,R16,P
12.0,R16,P
41.0,R16,P
28.0,R16,P
8.0,R16,P
62.0,R32,P
31.0,R32,P
33.0,R32,P
40.0,R32,P
56.0,R32,P
109.0,R32,P
52.0,R32,P
9.0,R32,P
84.0,R32,P
38.0,R32,P
100.0,R32,P
5.0,R32,P
13.0,R32,P
17.0,R32,P
27.0,R32,P
172.0,R32,P
50.0,R64,P
47.0,R64,P
26.0,R64,P
74.0,R64,P
36.0,R64,P
37.0,R64,P
60.0,R64,P
61.0,R64,P
23.0,R64,P
19.0,R64,P
291.0,R64,P
32.0,R64,P
49.0,R64,P
44.0,R64,P
16.0,R64,P
64.0,R64,P
43.0,R64,P
51.0,R64,P
65.0,R64,P
29.0,R64,P
63.0,R64,P
101.0,R64,P
34.0,R64,P
70.0,R64,P
6.0,F,P
71.0,W,P
76.0,F,P
1.0,W,P
22.0,SF,P
4.0,SF,P
10.0,QF,P
11.0,QF,P
29.0,QF,P
12.0,QF,P
13.0,R16,P
9.0,R16,P
30.0,R16,P
20.0,R16,P
25.0,R16,P
19.0,R16,P
23.0,R16,P
2.0,R16,P
67.0,R32,P
39.0,R32,P
49.0,R32,P
61.0,R32,P
6.0,R32,P
16.0,R32,P
31.0,R32,P
8.0,R32,P
35.0,R32,P
14.0,R32,P
15.0,R32,P
3.0,R32,P
7.0,R32,P
45.0,R32,P
82.0,R32,P
24.0,R32,P
99.0,R64,P
68.0,R64,P
51.0,R64,P
26.0,R64,P
130.0,R64,P
63.0,R64,P
18.0,R64,P
40.0,R64,P
34.0,R64,P
42.0,R64,P
100.0,R64,P
28.0,R64,P
50.0,R64,P
33.0,R64,P
43.0,R64,P
37.0,R64,P
187.0,R64,P
32.0,R64,P
36.0,R64,P
27.0,R64,P
41.0,R64,P
59.0,R64,P
38.0,R64,P
86.0,R64,P
6.0,SF,P
10.0,SF,P
16.0,QF,P
61.0,QF,P
11.0,QF,P
42.0,QF,P
49.0,R16,P
59.0,R16,P
29.0,R16,P
13.0,R16,P
27.0,R16,P
36.0,R16,P
32.0,R16,P
92.0,R16,P
48.0,R32,P
94.0,R32,P
31.0,R32,P
126.0,R32,P
50.0,R32,P
77.0,R32,P
82.0,R32,P
37.0,R32,P
222.0,R32,P
15.0,R32,P
85.0,R32,P
60.0,R32,P
12.0,F,P
30.0,W,P
16.0,F,P
9.0,W,P
17.0,SF,P
41.0,SF,P
6.0,QF,P
12.0,QF,P
28.0,QF,P
200.0,QF,P
98.0,R16,P
24.0,R16,P
53.0,R16,P
31.0,R16,P
18.0,R16,P
38.0,R16,P
43.0,R16,P
34.0,R16,P
82.0,R32,P
140.0,R32,P
64.0,R32,P
97.0,R32,P
130.0,R32,P
33.0,R32,P
141.0,R32,P
106.0,R32,P
72.0,R32,P
111.0,R32,P
54.0,R32,P
13.0,R32,P
20.0,R32,P
23.0,R32,P
174.0,R32,P
71.0,R32,P
46.0,R64,P
57.0,R64,P
37.0,R64,P
108.0,R64,P
136.0,R64,P
nan,R64,P
181.0,R64,P
70.0,R64,P
63.0,R64,P
151.0,R64,P
116.0,R64,P
48.0,R64,P
65.0,R64,P
91.0,R64,P
135.0,R64,P
66.0,R64,P
143.0,R64,P
44.0,R64,P
172.0,R64,P
59.0,R64,P
87.0,R64,P
49.0,R64,P
61.0,R64,P
99.0,R64,P
32.0,F,P
27.0,W,P
14.0,SF,P
29.0,SF,P
20.0,QF,P
15.0,QF,P
24.0,QF,P
44.0,QF,P
115.0,R16,P
151.0,R16,P
5.0,R16,P
47.0,R16,P
100.0,R16,P
7.0,R16,P
28.0,R16,P
4.0,R16,P
3.0,R32,P
21.0,R32,P
25.0,R32,P
46.0,R32,P
81.0,R32,P
19.0,R32,P
30.0,R32,P
33.0,R32,P
11.0,R32,P
17.0,R32,P
63.0,R32,P
40.0,R32,P
61.0,R32,P
13.0,R32,P
43.0,R32,P
31.0,R32,P
106.0,R64,P
72.0,R64,P
66.0,R64,P
51.0,R64,P
65.0,R64,P
97.0,R64,P
35.0,R64,P
9.0,R64,P
108.0,R64,P
38.0,R64,P
75.0,R64,P
59.0,R64,P
53.0,R64,P
102.0,R64,P
78.0,R64,P
6.0,R64,P
68.0,R64,P
54.0,R64,P
22.0,R64,P
58.0,R64,P
18.0,R64,P
73.0,R64,P
109.0,R64,P
52.0,R64,P
112.0,R64,P
39.0,R64,P
64.0,R64,P
50.0,R64,P
16.0,R64,P
96.0,R64,P
42.0,R64,P
45.0,R64,P
89.0,R128,P
87.0,R128,P
93.0,R128,P
224.0,R128,P
123.0,R128,P
70.0,R128,P
94.0,R128,P
37.0,R128,P
121.0,R128,P
439.0,R128,P
374.0,R128,P
132.0,R128,P
1476.0,R128,P
99.0,R128,P
85.0,R128,P
189.0,R128,P
245.0,R128,P
76.0,R128,P
71.0,R128,P
48.0,R128,P
161.0,R128,P
57.0,R128,P
69.0,R128,P
609.0,R128,P
62.0,R128,P
83.0,R128,P
92.0,R128,P
60.0,R128,P
74.0,R128,P
88.0,R128,P
136.0,R128,P
182.0,R128,P
37.0,F,P
20.0,W,P
7.0,SF,P
35.0,SF,P
2.0,QF,P
19.0,QF,P
16.0,QF,P
5.0,QF,P
43.0,R16,P
57.0,R16,P
125.0,R16,P
32.0,R16,P
145.0,R16,P
100.0,R16,P
79.0,R16,P
51.0,R16,P
42.0,R32,P
28.0,R32,P
8.0,R32,P
76.0,R32,P
238.0,R32,P
68.0,R32,P
17.0,R32,P
158.0,R32,P
144.0,R32,P
50.0,R32,P
30.0,R32,P
136.0,R32,P
14.0,F,P
1.0,W,P
9.0,SF,P
105.0,SF,P
12.0,QF,P
27.0,QF,P
40.0,QF,P
100.0,QF,P
22.0,R16,P
45.0,R16,P
263.0,R16,P
24.0,R16,P
90.0,R16,P
6.0,R16,P
130.0,R16,P
2.0,R16,P
306.0,R32,P
72.0,R32,P
148.0,R32,P
8.0,R32,P
17.0,R32,P
34.0,R32,P
421.0,R32,P
132.0,R32,P
182.0,R32,P
141.0,R32,P
30.0,R32,P
15.0,R32,P
97.0,R32,P
119.0,R32,P
4.0,F,P
9.0,W,P
7.0,SF,P
26.0,SF,P
75.0,QF,P
10.0,QF,P
23.0,QF,P
3.0,QF,P
73.0,R16,P
13.0,R16,P
82.0,R16,P
21.0,R16,P
45.0,R16,P
96.0,R16,P
20.0,R16,P
40.0,R16,P
223.0,R32,P
22.0,R32,P
18.0,R32,P
60.0,R32,P
105.0,R32,P
66.0,R32,P
101.0,R32,P
28.0,R32,P
90.0,R32,P
685.0,R32,P
88.0,R32,P
12.0,R32,P
104.0,R32,P
589.0,R32,P
7.0,F,P
9.0,W,P
56.0,SF,P
25.0,SF,P
26.0,QF,P
42.0,QF,P
71.0,QF,P
24.0,QF,P
43.0,R16,P
70.0,R16,P
12.0,R16,P
23.0,R16,P
65.0,R16,P
58.0,R16,P
102.0,R16,P
31.0,R16,P
75.0,R32,P
30.0,R32,P
104.0,R32,P
37.0,R32,P
81.0,R32,P
82.0,R32,P
67.0,R32,P
118.0,R32,P
86.0,R32,P
74.0,R32,P
45.0,R32,P
100.0,R32,P
29.0,R32,P
52.0,R32,P
38.0,R32,P
35.0,R32,P
31.0,F,P
21.0,W,P
23.0,SF,P
38.0,SF,P
25.0,QF,P
10.0,QF,P
35.0,QF,P
146.0,QF,P
2.0,R16,P
9.0,R16,P
59.0,R16,P
14.0,R16,P
15.0,R16,P
7.0,R16,P
80.0,R16,P
3.0,R16,P
49.0,R32,P
29.0,R32,P
90.0,R32,P
28.0,R32,P
5.0,R32,P
53.0,R32,P
20.0,R32,P
103.0,R32,P
65.0,R32,P
22.0,R32,P
17.0,R32,P
45.0,R32,P
11.0,R32,P
39.0,R32,P
54.0,R32,P
70.0,R32,P
6.0,SF,P
13.0,SF,P
2.0,QF,P
23.0,QF,P
10.0,QF,P
9.0,QF,P
41.0,R16,P
28.0,R16,P
4.0,R16,P
17.0,R16,P
42.0,R16,P
26.0,R16,P
60.0,R16,P
3.0,R16,P
37.0,R32,P
53.0,R32,P
71.0,R32,P
36.0,R32,P
33.0,R32,P
76.0,R32,P
90.0,R32,P
58.0,R32,P
61.0,R32,P
66.0,R32,P
21.0,R32,P
51.0,R32,P
31.0,R32,P
16.0,R32,P
40.0,R32,P
67.0,R32,P
34.0,R64,P
103.0,R64,P
18.0,R64,P
20.0,R64,P
38.0,R64,P
59.0,R64,P
22.0,R64,P
27.0,R64,P
46.0,R64,P
48.0,R64,P
154.0,R64,P
89.0,R64,P
65.0,R64,P
25.0,R64,P
15.0,R64,P
44.0,R64,P
55.0,R64,P
54.0,R64,P
64.0,R64,P
277.0,R64,P
39.0,R64,P
93.0,R64,P
70.0,R64,P
52.0,R64,P
7.0,F,P
8.0,W,P
6.0,F,P
4.0,W,P
26.0,SF,P
7.0,SF,P
79.0,QF,P
29.0,QF,P
24.0,QF,P
20.0,QF,P
27.0,R16,P
32.0,R16,P
16.0,R16,P
122.0,R16,P
21.0,R16,P
33.0,R16,P
409.0,R16,P
51.0,R16,P
90.0,R32,P
17.0,R32,P
13.0,R32,P
71.0,R32,P
40.0,R32,P
28.0,R32,P
63.0,R32,P
53.0,R32,P
36.0,R32,P
49.0,R32,P
97.0,R32,P
5.0,R32,P
31.0,R32,P
23.0,R32,P
15.0,R32,P
46.0,R32,P
34.0,R64,P
39.0,R64,P
52.0,R64,P
87.0,R64,P
66.0,R64,P
22.0,R64,P
64.0,R64,P
8.0,R64,P
50.0,R64,P
61.0,R64,P
158.0,R64,P
74.0,R64,P
18.0,R64,P
25.0,R64,P
95.0,R64,P
9.0,R64,P
42.0,R64,P
85.0,R64,P
43.0,R64,P
12.0,R64,P
19.0,R64,P
78.0,R64,P
88.0,R64,P
77.0,R64,P
55.0,R64,P
59.0,R64,P
54.0,R64,P
10.0,R64,P
96.0,R64,P
58.0,R64,P
47.0,R64,P
3.0,R64,P
91.0,R128,P
119.0,R128,P
317.0,R128,P
111.0,R128,P
103.0,R128,P
75.0,R128,P
56.0,R128,P
37.0,R128,P
81.0,R128,P
130.0,R128,P
69.0,R128,P
114.0,R128,P
48.0,R128,P
361.0,R128,P
121.0,R128,P
172.0,R128,P
113.0,R128,P
94.0,R128,P
200.0,R128,P
45.0,R128,P
104.0,R128,P
38.0,R128,P
67.0,R128,P
57.0,R128,P
72.0,R128,P
35.0,R128,P
68.0,R128,P
41.0,R128,P
62.0,R128,P
105.0,R128,P
542.0,R128,P
127.0,R128,P
77.0,F,P
2.0,W,P
28.0,SF,P
21.0,SF,P
249.0,QF,P
11.0,QF,P
6.0,QF,P
32.0,QF,P
60.0,R16,P
102.0,R16,P
50.0,R16,P
10.0,R16,P
279.0,R16,P
51.0,R16,P
23.0,R16,P
17.0,R16,P
70.0,R32,P
115.0,R32,P
53.0,R32,P
84.0,R32,P
65.0,R32,P
74.0,R32,P
117.0,R32,P
61.0,R32,P
47.0,R32,P
16.0,R32,P
18.0,R32,P
62.0,R32,P
94.0,R32,P
48.0,R32,P
43.0,R32,P
59.0,R32,P
5.0,R64,P
29.0,R64,P
55.0,R64,P
20.0,R64,P
13.0,R64,P
91.0,R64,P
140.0,R64,P
8.0,R64,P
7.0,R64,P
36.0,R64,P
22.0,R64,P
15.0,R64,P
76.0,R64,P
25.0,R64,P
35.0,R64,P
63.0,R64,P
86.0,R64,P
135.0,R64,P
24.0,R64,P
54.0,R64,P
38.0,R64,P
57.0,R64,P
26.0,R64,P
3.0,R64,P
156.0,R64,P
82.0,R64,P
107.0,R64,P
12.0,R64,P
101.0,R64,P
27.0,R64,P
30.0,R64,P
42.0,R64,P
122.0,R128,P
87.0,R128,P
56.0,R128,P
75.0,R128,P
116.0,R128,P
81.0,R128,P
39.0,R128,P
439.0,R128,P
73.0,R128,P
37.0,R128,P
46.0,R128,P
96.0,R128,P
67.0,R128,P
93.0,R128,P
68.0,R128,P
72.0,R128,P
203.0,R128,P
243.0,R128,P
66.0,R128,P
45.0,R128,P
83.0,R128,P
52.0,R128,P
123.0,R128,P
49.0,R128,P
145.0,R128,P
89.0,R128,P
78.0,R128,P
41.0,R128,P
448.0,R128,P
40.0,R128,P
565.0,R128,P
315.0,R128,P
10.0,F,P
21.0,W,P
47.0,SF,P
54.0,SF,P
168.0,QF,P
42.0,QF,P
64.0,QF,P
3.0,QF,P
5.0,R16,P
13.0,R16,P
66.0,R16,P
34.0,R16,P
57.0,R16,P
7.0,R16,P
24.0,R16,P
89.0,R16,P
43.0,R32,P
46.0,R32,P
82.0,R32,P
48.0,R32,P
201.0,R32,P
39.0,R32,P
124.0,R32,P
18.0,R32,P
19.0,R32,P
87.0,R32,P
72.0,R32,P
215.0,R32,P
283.0,R32,P
188.0,R32,P
41.0,R32,P
73.0,R32,P
164.0,R64,P
178.0,R64,P
244.0,R64,P
153.0,R64,P
155.0,R64,P
259.0,R64,P
56.0,R64,P
88.0,R64,P
318.0,R64,P
150.0,R64,P
55.0,R64,P
51.0,R64,P
154.0,R64,P
44.0,R64,P
29.0,R64,P
36.0,R64,P
270.0,R64,P
143.0,R64,P
nan,R64,P
62.0,R64,P
149.0,R64,P
199.0,R64,P
105.0,R64,P
165.0,R64,P
4.0,F,P
1.0,W,P
31.0,SF,P
3.0,SF,P
12.0,QF,P
231.0,QF,P
6.0,QF,P
10.0,QF,P
342.0,R16,P
118.0,R16,P
5.0,R16,P
7.0,R16,P
39.0,R16,P
121.0,R16,P
26.0,R16,P
19.0,R16,P
38.0,R32,P
30.0,R32,P
197.0,R32,P
27.0,R32,P
103.0,R32,P
28.0,R32,P
17.0,R32,P
40.0,R32,P
108.0,R32,P
32.0,R32,P
16.0,R32,P
224.0,R32,P
14.0,F,P
10.0,W,P
35.0,SF,P
45.0,SF,P
37.0,QF,P
47.0,QF,P
33.0,QF,P
21.0,QF,P
18.0,R16,P
11.0,R16,P
23.0,R16,P
111.0,R16,P
77.0,R16,P
17.0,R16,P
13.0,R16,P
16.0,R16,P
20.0,R32,P
51.0,R32,P
60.0,R32,P
9.0,R32,P
5.0,R32,P
36.0,R32,P
55.0,R32,P
8.0,R32,P
92.0,R32,P
52.0,R32,P
24.0,R32,P
58.0,R32,P
73.0,R32,P
67.0,R32,P
44.0,R32,P
2.0,R32,P
64.0,R64,P
30.0,R64,P
66.0,R64,P
93.0,R64,P
49.0,R64,P
41.0,R64,P
43.0,R64,P
38.0,R64,P
22.0,R64,P
68.0,R64,P
78.0,R64,P
15.0,R64,P
31.0,R64,P
205.0,R64,P
42.0,R64,P
nan,R64,P
7.0,R64,P
79.0,R64,P
27.0,R64,P
12.0,R64,P
39.0,R64,P
65.0,R64,P
26.0,R64,P
4.0,R64,P
46.0,R64,P
34.0,R64,P
72.0,R64,P
62.0,R64,P
89.0,R64,P
48.0,R64,P
40.0,R64,P
25.0,R64,P
7.0,F,P
1.0,W,P
8.0,SF,P
23.0,SF,P
90.0,QF,P
32.0,QF,P
4.0,QF,P
29.0,QF,P
16.0,R16,P
47.0,R16,P
11.0,R16,P
9.0,R16,P
40.0,R16,P
15.0,R16,P
17.0,R16,P
3.0,R16,P
57.0,R32,P
58.0,R32,P
51.0,R32,P
5.0,R32,P
42.0,R32,P
36.0,R32,P
14.0,R32,P
21.0,R32,P
10.0,R32,P
41.0,R32,P
61.0,R32,P
31.0,R32,P
6.0,R32,P
102.0,R32,P
18.0,R32,P
50.0,R32,P
48.0,R64,P
79.0,R64,P
56.0,R64,P
12.0,R64,P
37.0,R64,P
78.0,R64,P
82.0,R64,P
22.0,R64,P
25.0,R64,P
159.0,R64,P
53.0,R64,P
39.0,R64,P
85.0,R64,P
30.0,R64,P
26.0,R64,P
19.0,R64,P
59.0,R64,P
49.0,R64,P
55.0,R64,P
146.0,R64,P
13.0,R64,P
20.0,R64,P
24.0,R64,P
28.0,R64,P
17.0,F,P
4.0,W,P
13.0,SF,P
6.0,SF,P
38.0,QF,P
7.0,QF,P
24.0,QF,P
12.0,QF,P
169.0,R16,P
59.0,R16,P
69.0,R16,P
76.0,R16,P
81.0,R16,P
29.0,R16,P
27.0,R16,P
104.0,R16,P
80.0,R32,P
46.0,R32,P
147.0,R32,P
10.0,R32,P
41.0,R32,P
63.0,R32,P
105.0,R32,P
66.0,R32,P
96.0,R32,P
34.0,R32,P
58.0,R32,P
5.0,R32,P
37.0,R32,P
67.0,R32,P
22.0,R32,P
160.0,R32,P
14.0,F,P
31.0,W,P
29.0,SF,P
26.0,SF,P
114.0,QF,P
103.0,QF,P
36.0,QF,P
128.0,QF,P
169.0,R16,P
66.0,R16,P
127.0,R16,P
79.0,R16,P
24.0,R16,P
33.0,R16,P
10.0,R16,P
257.0,R16,P
4.0,R32,P
39.0,R32,P
21.0,R32,P
35.0,R32,P
7.0,R32,P
93.0,R32,P
23.0,R32,P
15.0,R32,P
45.0,R32,P
102.0,R32,P
40.0,R32,P
5.0,R32,P
92.0,R32,P
107.0,R32,P
30.0,R32,P
37.0,R32,P
80.0,R64,P
52.0,R64,P
61.0,R64,P
88.0,R64,P
59.0,R64,P
74.0,R64,P
57.0,R64,P
51.0,R64,P
108.0,R64,P
55.0,R64,P
99.0,R64,P
32.0,R64,P
53.0,R64,P
120.0,R64,P
68.0,R64,P
65.0,R64,P
45.0,F,P
12.0,W,P
19.0,SF,P
4.0,SF,P
22.0,QF,P
5.0,QF,P
6.0,QF,P
11.0,QF,P
3.0,R16,P
15.0,R16,P
27.0,R16,P
79.0,R16,P
316.0,R16,P
168.0,R16,P
41.0,R16,P
240.0,R16,P
54.0,R32,P
242.0,R32,P
127.0,R32,P
40.0,R32,P
25.0,R32,P
29.0,R32,P
23.0,R32,P
279.0,R32,P
230.0,R32,P
52.0,R32,P
51.0,R32,P
33.0,R32,P
24.0,F,P
15.0,W,P
14.0,SF,P
7.0,SF,P
12.0,QF,P
51.0,QF,P
46.0,QF,P
11.0,QF,P
1.0,R16,P
8.0,R16,P
4.0,R16,P
53.0,R16,P
29.0,R16,P
35.0,R16,P
6.0,R16,P
21.0,R16,P
72.0,R32,P
13.0,R32,P
nan,R32,P
31.0,R32,P
59.0,R32,P
22.0,R32,P
40.0,R32,P
5.0,R32,P
187.0,R32,P
37.0,R32,P
16.0,R32,P
3.0,R32,P
41.0,R32,P
27.0,R32,P
45.0,R32,P
2.0,R32,P
18.0,R64,P
26.0,R64,P
273.0,R64,P
71.0,R64,P
57.0,R64,P
39.0,R64,P
nan,R64,P
188.0,R64,P
19.0,R64,P
9.0,R64,P
34.0,R64,P
96.0,R64,P
25.0,R64,P
54.0,R64,P
10.0,R64,P
52.0,R64,P
23.0,R64,P
299.0,R64,P
81.0,R64,P
47.0,R64,P
64.0,R64,P
82.0,R64,P
122.0,R64,P
1556.0,R64,P
28.0,F,P
35.0,W,P
24.0,SF,P
7.0,SF,P
25.0,QF,P
63.0,QF,P
8.0,QF,P
44.0,QF,P
1.0,R16,P
29.0,R16,P
20.0,R16,P
5.0,R16,P
13.0,R16,P
33.0,R16,P
30.0,R16,P
2.0,R16,P
57.0,R32,P
15.0,R32,P
46.0,R32,P
9.0,R32,P
4.0,R32,P
6.0,R32,P
40.0,R32,P
179.0,R32,P
74.0,R32,P
22.0,R32,P
17.0,R32,P
3.0,R32,P
69.0,R32,P
23.0,R32,P
27.0,R32,P
71.0,R32,P
37.0,R64,P
38.0,R64,P
16.0,R64,P
12.0,R64,P
48.0,R64,P
58.0,R64,P
222.0,R64,P
19.0,R64,P
54.0,R64,P
11.0,R64,P
21.0,R64,P
36.0,R64,P
65.0,R64,P
31.0,R64,P
612.0,R64,P
1500.0,R64,P
53.0,R64,P
56.0,R64,P
26.0,R64,P
412.0,R64,P
10.0,R64,P
14.0,R64,P
39.0,R64,P
62.0,R64,P
36.0,F,P
30.0,W,P
13.0,SF,P
28.0,SF,P
84.0,QF,P
16.0,QF,P
12.0,QF,P
46.0,QF,P
4.0,R16,P
44.0,R16,P
182.0,R16,P
48.0,R16,P
78.0,R16,P
213.0,R16,P
20.0,R16,P
10.0,R16,P
107.0,R32,P
92.0,R32,P
26.0,R32,P
315.0,R32,P
55.0,R32,P
210.0,R32,P
22.0,R32,P
352.0,R32,P
328.0,R32,P
214.0,R32,P
635.0,R32,P
180.0,R32,P
1.0,F,P
23.0,W,P
21.0,SF,P
26.0,SF,P
151.0,QF,P
78.0,QF,P
144.0,QF,P
20.0,QF,P
34.0,R16,P
189.0,R16,P
3.0,R16,P
11.0,R16,P
14.0,R16,P
7.0,R16,P
31.0,R16,P
4.0,R16,P
27.0,R32,P
137.0,R32,P
15.0,R32,P
36.0,R32,P
24.0,R32,P
67.0,R32,P
506.0,R32,P
35.0,R32,P
19.0,R32,P
16.0,R32,P
17.0,R32,P
43.0,R32,P
77.0,F,P
1.0,W,P
6.0,SF,P
19.0,SF,P
8.0,QF,P
18.0,QF,P
5.0,QF,P
4.0,QF,P
28.0,R16,P
57.0,R16,P
143.0,R16,P
11.0,R16,P
22.0,R16,P
52.0,R16,P
31.0,R16,P
196.0,R16,P
13.0,R32,P
23.0,R32,P
294.0,R32,P
311.0,R32,P
346.0,R32,P
39.0,R32,P
7.0,R32,P
181.0,R32,P
38.0,R32,P
10.0,R32,P
73.0,R32,P
30.0,R32,P
6.0,F,P
5.0,W,P
37.0,SF,P
38.0,SF,P
7.0,QF,P
50.0,QF,P
12.0,QF,P
73.0,QF,P
15.0,R16,P
28.0,R16,P
59.0,R16,P
10.0,R16,P
23.0,R16,P
16.0,R16,P
11.0,R16,P
22.0,R16,P
8.0,R32,P
35.0,R32,P
54.0,R32,P
92.0,R32,P
24.0,R32,P
21.0,R32,P
14.0,R32,P
80.0,R32,P
47.0,R32,P
430.0,R32,P
128.0,R32,P
58.0,R32,P
69.0,R32,P
34.0,R32,P
71.0,R32,P
4.0,R32,P
130.0,R64,P
144.0,R64,P
57.0,R64,P
18.0,R64,P
148.0,R64,P
44.0,R64,P
20.0,R64,P
36.0,R64,P
42.0,R64,P
41.0,R64,P
77.0,R64,P
65.0,R64,P
108.0,R64,P
194.0,R64,P
89.0,R64,P
175.0,R64,P
55.0,R64,P
32.0,R64,P
31.0,R64,P
185.0,R64,P
17.0,R64,P
19.0,R64,P
75.0,R64,P
29.0,R64,P
102.0,F,P
5.0,W,P
2.0,SF,P
34.0,SF,P
69.0,QF,P
26.0,QF,P
9.0,QF,P
92.0,QF,P
45.0,R16,P
21.0,R16,P
59.0,R16,P
28.0,R16,P
18.0,R16,P
46.0,R16,P
32.0,R16,P
20.0,R16,P
76.0,R32,P
162.0,R32,P
14.0,R32,P
8.0,R32,P
154.0,R32,P
39.0,R32,P
17.0,R32,P
31.0,R32,P
47.0,R32,P
55.0,R32,P
23.0,R32,P
19.0,R32,P
30.0,R32,P
25.0,R32,P
8.0,F,P
13.0,W,P
9.0,SF,P
11.0,SF,P
4.0,QF,P
14.0,QF,P
15.0,QF,P
16.0,QF,P
48.0,R16,P
64.0,R16,P
33.0,R16,P
20.0,R16,P
29.0,R16,P
32.0,R16,P
30.0,R16,P
21.0,R16,P
45.0,R32,P
18.0,R32,P
58.0,R32,P
31.0,R32,P
365.0,R32,P
160.0,R32,P
25.0,R32,P
43.0,R32,P
19.0,R32,P
227.0,R32,P
17.0,R32,P
23.0,R32,P
53.0,R32,P
41.0,R32,P
19.0,F,P
9.0,W,P
29.0,SF,P
14.0,SF,P
8.0,QF,P
11.0,QF,P
10.0,QF,P
46.0,QF,P
28.0,R16,P
12.0,R16,P
32.0,R16,P
30.0,R16,P
45.0,R16,P
20.0,R16,P
18.0,R16,P
57.0,R16,P
102.0,R32,P
74.0,R32,P
42.0,R32,P
25.0,R32,P
148.0,R32,P
56.0,R32,P
26.0,R32,P
37.0,R32,P
96.0,R32,P
23.0,R32,P
39.0,R32,P
63.0,R32,P
4.0,F,P
1.0,W,P
11.0,SF,P
7.0,SF,P
9.0,QF,P
6.0,QF,P
5.0,QF,P
12.0,QF,P
42.0,R16,P
17.0,R16,P
13.0,R16,P
210.0,R16,P
18.0,R16,P
123.0,R16,P
8.0,R16,P
14.0,R16,P
37.0,R32,P
196.0,R32,P
100.0,R32,P
22.0,R32,P
15.0,R32,P
29.0,R32,P
24.0,R32,P
19.0,R32,P
25.0,R32,P
75.0,R32,P
20.0,R32,P
23.0,R32,P
1.0,F,P
30.0,W,P
6.0,SF,P
3.0,SF,P
18.0,QF,P
23.0,QF,P
112.0,QF,P
2.0,QF,P
13.0,R16,P
33.0,R16,P
14.0,R16,P
10.0,R16,P
9.0,R16,P
75.0,R16,P
15.0,R16,P
20.0,R16,P
37.0,R32,P
24.0,R32,P
122.0,R32,P
7.0,R32,P
5.0,R32,P
35.0,R32,P
26.0,R32,P
43.0,R32,P
55.0,R32,P
70.0,R32,P
45.0,R32,P
99.0,R32,P
8.0,R32,P
46.0,R32,P
52.0,R32,P
49.0,R32,P
94.0,R64,P
22.0,R64,P
19.0,R64,P
11.0,R64,P
60.0,R64,P
103.0,R64,P
64.0,R64,P
436.0,R64,P
732.0,R64,P
36.0,R64,P
176.0,R64,P
93.0,R64,P
195.0,R64,P
44.0,R64,P
12.0,R64,P
57.0,R64,P
130.0,R64,P
48.0,R64,P
39.0,R64,P
28.0,R64,P
25.0,R64,P
280.0,R64,P
40.0,R64,P
32.0,R64,P
11.0,F,P
5.0,W,P
3.0,SF,P
8.0,SF,P
33.0,QF,P
17.0,QF,P
22.0,QF,P
70.0,QF,P
37.0,R16,P
95.0,R16,P
44.0,R16,P
89.0,R16,P
19.0,R16,P
38.0,R16,P
18.0,R16,P
172.0,R16,P
63.0,R32,P
142.0,R32,P
51.0,R32,P
13.0,R32,P
148.0,R32,P
71.0,R32,P
187.0,R32,P
47.0,R32,P
46.0,R32,P
275.0,R32,P
81.0,R32,P
92.0,R32,P
50.0,R32,P
64.0,R32,P
60.0,R32,P
77.0,R32,P
86.0,R64,P
49.0,R64,P
87.0,R64,P
62.0,R64,P
330.0,R64,P
56.0,R64,P
57.0,R64,P
65.0,R64,P
40.0,R64,P
28.0,R64,P
184.0,R64,P
nan,R64,P
93.0,R64,P
55.0,R64,P
118.0,R64,P
36.0,R64,P
53.0,R64,P
59.0,R64,P
165.0,R64,P
nan,R64,P
30.0,R64,P
31.0,R64,P
305.0,R64,P
183.0,R64,P
2.0,F,P
1.0,W,P
4.0,SF,P
24.0,SF,P
17.0,QF,P
14.0,QF,P
5.0,QF,P
31.0,QF,P
25.0,R16,P
23.0,R16,P
22.0,R16,P
7.0,R16,P
6.0,R16,P
71.0,R16,P
77.0,R16,P
12.0,R16,P
55.0,R32,P
18.0,R32,P
9.0,R32,P
68.0,R32,P
20.0,R32,P
65.0,R32,P
13.0,R32,P
32.0,R32,P
138.0,R32,P
8.0,R32,P
106.0,R32,P
15.0,R32,P
23.0,F,P
9.0,W,P
22.0,SF,P
8.0,SF,P
13.0,QF,P
4.0,QF,P
53.0,QF,P
81.0,QF,P
2.0,R16,P
7.0,R16,P
218.0,R16,P
86.0,R16,P
70.0,R16,P
120.0,R16,P
44.0,R16,P
3.0,R16,P
1243.0,R32,P
25.0,R32,P
15.0,R32,P
54.0,R32,P
308.0,R32,P
69.0,R32,P
67.0,R32,P
18.0,R32,P
60.0,R32,P
19.0,R32,P
35.0,R32,P
6.0,R32,P
11.0,R32,P
158.0,R32,P
43.0,R32,P
139.0,R32,P
11.0,F,P
25.0,W,P
7.0,SF,P
67.0,SF,P
30.0,QF,P
4.0,QF,P
17.0,QF,P
5.0,QF,P
73.0,R16,P
13.0,R16,P
81.0,R16,P
128.0,R16,P
142.0,R16,P
6.0,R16,P
18.0,R16,P
61.0,R16,P
83.0,R32,P
113.0,R32,P
88.0,R32,P
32.0,R32,P
24.0,R32,P
46.0,R32,P
44.0,R32,P
27.0,R32,P
677.0,R32,P
37.0,R32,P
149.0,R32,P
42.0,R32,P
26.0,R32,P
28.0,R32,P
36.0,R32,P
114.0,R32,P
9.0,F,P
7.0,W,P
4.0,SF,P
18.0,SF,P
27.0,QF,P
16.0,QF,P
15.0,QF,P
34.0,QF,P
59.0,R16,P
11.0,R16,P
88.0,R16,P
1056.0,R16,P
54.0,R16,P
204.0,R16,P
32.0,R16,P
6.0,R16,P
80.0,R32,P
19.0,R32,P
29.0,R32,P
53.0,R32,P
28.0,R32,P
24.0,R32,P
26.0,R32,P
40.0,R32,P
23.0,R32,P
49.0,R32,P
36.0,R32,P
44.0,R32,P
18.0,F,P
4.0,W,P
1.0,SF,P
3.0,SF,P
49.0,QF,P
7.0,QF,P
11.0,QF,P
15.0,QF,P
17.0,R16,P
88.0,R16,P
50.0,R16,P
10.0,R16,P
39.0,R16,P
40.0,R16,P
8.0,R16,P
2.0,R16,P
23.0,R32,P
32.0,R32,P
13.0,R32,P
9.0,R32,P
60.0,R32,P
16.0,R32,P
nan,R32,P
76.0,R32,P
6.0,R32,P
35.0,R32,P
19.0,R32,P
1056.0,R32,P
51.0,R32,P
48.0,R32,P
24.0,R32,P
36.0,R32,P
38.0,R64,P
43.0,R64,P
26.0,R64,P
80.0,R64,P
59.0,R64,P
27.0,R64,P
53.0,R64,P
22.0,R64,P
524.0,R64,P
31.0,R64,P
114.0,R64,P
90.0,R64,P
97.0,R64,P
45.0,R64,P
29.0,R64,P
25.0,R64,P
28.0,R64,P
20.0,R64,P
44.0,R64,P
54.0,R64,P
72.0,R64,P
37.0,R64,P
34.0,R64,P
84.0,R64,P
17.0,F,P
7.0,W,P
1.0,SF,P
2.0,SF,P
10.0,QF,P
43.0,QF,P
35.0,QF,P
5.0,QF,P
24.0,R16,P
38.0,R16,P
4.0,R16,P
50.0,R16,P
8.0,R16,P
3.0,R16,P
22.0,R16,P
13.0,R16,P
34.0,R32,P
533.0,R32,P
27.0,R32,P
6.0,R32,P
20.0,R32,P
84.0,R32,P
9.0,R32,P
33.0,R32,P
31.0,R32,P
36.0,R32,P
29.0,R32,P
63.0,R32,P
28.0,R32,P
18.0,R32,P
45.0,R32,P
192.0,R32,P
100.0,R64,P
74.0,R64,P
16.0,R64,P
46.0,R64,P
161.0,R64,P
30.0,R64,P
25.0,R64,P
32.0,R64,P
14.0,R64,P
37.0,R64,P
12.0,R64,P
93.0,R64,P
21.0,R64,P
53.0,R64,P
19.0,R64,P
15.0,R64,P
39.0,R64,P
61.0,R64,P
47.0,R64,P
432.0,R64,P
11.0,R64,P
55.0,R64,P
632.0,R64,P
23.0,R64,P
93.0,F,P
13.0,W,P
61.0,SF,P
43.0,SF,P
27.0,QF,P
9.0,QF,P
20.0,QF,P
10.0,QF,P
7.0,R16,P
117.0,R16,P
75.0,R16,P
102.0,R16,P
45.0,R16,P
28.0,R16,P
16.0,R16,P
36.0,R16,P
46.0,R32,P
477.0,R32,P
18.0,R32,P
67.0,R32,P
33.0,R32,P
15.0,R32,P
74.0,R32,P
24.0,R32,P
34.0,R32,P
19.0,R32,P
213.0,R32,P
29.0,R32,P
111.0,F,P
9.0,W,P
53.0,SF,P
11.0,SF,P
54.0,QF,P
74.0,QF,P
23.0,QF,P
180.0,QF,P
7.0,R16,P
20.0,R16,P
49.0,R16,P
16.0,R16,P
19.0,R16,P
174.0,R16,P
101.0,R16,P
56.0,R16,P
45.0,R32,P
35.0,R32,P
175.0,R32,P
66.0,R32,P
12.0,R32,P
29.0,R32,P
28.0,R32,P
42.0,R32,P
248.0,R32,P
102.0,R32,P
36.0,R32,P
89.0,R32,P
182.0,R32,P
38.0,R32,P
87.0,R32,P
157.0,R32,P
55.0,R64,P
nan,R64,P
201.0,R64,P
34.0,R64,P
43.0,R64,P
67.0,R64,P
348.0,R64,P
349.0,R64,P
70.0,R64,P
344.0,R64,P
242.0,R64,P
226.0,R64,P
181.0,R64,P
438.0,R64,P
147.0,R64,P
588.0,R64,P
964.0,R64,P
47.0,R64,P
297.0,R64,P
164.0,R64,P
26.0,R64,P
33.0,R64,P
192.0,R64,P
160.0,R64,P
4.0,F,P
19.0,W,P
86.0,SF,P
6.0,SF,P
2.0,QF,P
21.0,QF,P
10.0,QF,P
13.0,QF,P
148.0,R16,P
96.0,R16,P
44.0,R16,P
22.0,R16,P
28.0,R16,P
331.0,R16,P
220.0,R16,P
79.0,R16,P
92.0,R32,P
160.0,R32,P
149.0,R32,P
181.0,R32,P
20.0,R32,P
80.0,R32,P
53.0,R32,P
75.0,R32,P
49.0,R32,P
45.0,R32,P
256.0,R32,P
400.0,R32,P
18.0,F,P
24.0,W,P
12.0,SF,P
31.0,SF,P
43.0,QF,P
7.0,QF,P
28.0,QF,P
113.0,QF,P
45.0,R16,P
21.0,R16,P
63.0,R16,P
117.0,R16,P
369.0,R16,P
6.0,R16,P
16.0,R16,P
10.0,R16,P
23.0,R32,P
66.0,R32,P
92.0,R32,P
435.0,R32,P
101.0,R32,P
181.0,R32,P
17.0,R32,P
456.0,R32,P
267.0,R32,P
55.0,R32,P
35.0,R32,P
182.0,R32,P
